Timestamp,Asset_ID,Latitude,Longitude,Inventory_Level,Shipment_Status,Temperature,Humidity,Traffic_Status,Waiting_Time,User_Transaction_Amount,User_Purchase_Frequency,Logistics_Delay_Reason,Asset_Utilization,Demand_Forecast,Logistics_Delay,timestamp_month,timestamp_day,timestamp_hour,timestamp_weekday,is_weekend,is_night,is_business_hours,hour_sin,hour_cos,month_sin,month_cos,abs_latitude,abs_longitude,distance_from_origin,inventory_to_demand_ratio,inventory_minus_demand,utilization_x_waiting,traffic_waiting_pressure,humidity_temperature_index,purchase_value_score,is_heavy_traffic,is_detour,is_clear_traffic
2024-03-20 00:11:14,Truck_7,-65.7383,11.2497,390,Delayed,27.0,67.8,Detour,38,320,4,,60.1,285,1,3,20,0,2,0,1,0,0.0,1.0,1.0,6.123233995736766e-17,65.7383,11.2497,66.69392653742918,1.3636363636363635,105,2283.8,38,1830.6,1280,0,1,0
2024-10-30 07:53:51,Truck_6,22.2748,-131.7086,491,In Transit,22.5,54.3,Heavy,16,439,7,Weather,80.9,174,1,10,30,7,2,0,0,0,0.9659258262890683,-0.25881904510252063,-0.8660254037844386,0.5000000000000001,22.2748,131.7086,133.57889814263328,2.8057142857142856,317,1294.4,16,1221.75,3073,1,0,0
2024-07-29 18:42:48,Truck_10,54.9232,79.5455,190,In Transit,25.2,62.2,Detour,34,355,3,,99.2,260,0,7,29,18,0,0,0,0,-1.0,-1.8369701987210297e-16,-0.4999999999999997,-0.8660254037844388,54.9232,79.5455,96.66459780338405,0.7279693486590039,-70,3372.8,34,1567.44,1065,0,1,0
2024-10-28 00:50:54,Truck_9,42.39,-1.4788,330,Delivered,25.4,52.3,Heavy,37,227,5,Traffic,97.4,160,1,10,28,0,0,0,1,0,0.0,1.0,-0.8660254037844386,0.5000000000000001,42.39,1.4788,42.415786559251735,2.049689440993789,170,3603.8,37,1328.4199999999998,1135,1,0,0
2024-09-27 15:52:58,Truck_7,-65.8477,47.9468,480,Delayed,20.5,57.2,Clear,56,197,6,,71.6,270,1,9,27,15,4,0,0,1,-0.7071067811865471,-0.7071067811865479,-1.0,-1.8369701987210297e-16,65.8477,47.9468,81.45437511595065,1.7712177121771218,210,4009.5999999999995,0,1172.6000000000001,1182,0,0,1
2024-09-17 06:02:15,Truck_7,73.3312,46.5831,118,In Transit,24.3,61.8,Clear,56,258,10,,66.8,189,0,9,17,6,1,0,0,0,1.0,6.123233995736766e-17,-1.0,-1.8369701987210297e-16,73.3312,46.5831,86.87606171466338,0.6210526315789474,-71,3740.7999999999997,0,1501.74,2580,0,0,1
2024-02-05 08:38:56,Truck_4,27.9307,147.5317,480,Delayed,20.7,75.4,Clear,32,263,3,,73.3,198,1,2,5,8,0,0,0,1,0.8660254037844387,-0.4999999999999998,0.8660254037844386,0.5000000000000001,27.9307,147.5317,150.15234432861845,2.4120603015075375,282,2345.6,0,1560.78,789,0,0,1
2024-09-28 09:08:23,Truck_9,46.5643,-126.5348,222,In Transit,23.3,64.2,Detour,30,459,9,Traffic,73.8,253,0,9,28,9,5,1,0,1,0.7071067811865476,-0.7071067811865475,-1.0,-1.8369701987210297e-16,46.5643,126.5348,134.83059610314714,0.8740157480314961,-31,2214.0,30,1495.8600000000001,4131,0,1,0
2024-01-18 08:27:04,Truck_9,-83.6737,-31.7125,245,Delivered,26.4,77.2,Clear,14,183,2,,69.6,206,0,1,18,8,3,0,0,1,0.8660254037844387,-0.4999999999999998,0.49999999999999994,0.8660254037844387,83.6737,31.7125,89.48167816899725,1.183574879227053,39,974.3999999999999,0,2038.08,366,0,0,1
2024-11-09 00:48:26,Truck_2,54.1683,-135.2676,389,In Transit,21.9,57.3,Clear,52,127,7,Mechanical Failure,63.1,224,0,11,9,0,5,1,1,0,0.0,1.0,-0.5000000000000004,0.8660254037844384,54.1683,135.2676,145.7104263072825,1.728888888888889,165,3281.2000000000003,0,1254.87,889,0,0,1
2024-01-09 23:19:43,Truck_9,82.9633,-154.5274,319,Delayed,22.0,53.5,Clear,28,360,4,,69.8,171,1,1,9,23,1,0,0,0,-0.25881904510252157,0.9659258262890681,0.49999999999999994,0.8660254037844387,82.9633,154.5274,175.38992701306992,1.8546511627906976,148,1954.3999999999999,0,1177.0,1440,0,0,1
2024-02-02 22:28:16,Truck_10,-25.2768,156.1262,234,Delivered,29.7,63.6,Detour,13,406,10,Traffic,85.5,238,0,2,2,22,4,0,0,0,-0.5000000000000004,0.8660254037844384,0.8660254037844386,0.5000000000000001,25.2768,156.1262,158.1591190689933,0.9790794979079498,-4,1111.5,13,1888.92,4060,0,1,0
2024-02-17 21:14:42,Truck_8,-65.526,-3.0202,154,In Transit,21.5,74.2,Detour,38,215,3,Weather,84.4,114,0,2,17,21,5,1,0,0,-0.7071067811865477,0.7071067811865474,0.8660254037844386,0.5000000000000001,65.526,3.0202,65.59556603948165,1.3391304347826087,40,3207.2000000000003,38,1595.3,645,0,1,0
2024-03-04 06:44:50,Truck_2,-26.1836,-30.3641,348,Delivered,27.3,71.6,Detour,30,211,2,,96.4,115,0,3,4,6,0,0,0,0,1.0,6.123233995736766e-17,1.0,6.123233995736766e-17,26.1836,30.3641,40.094382122312346,3.0,233,2892.0,30,1954.6799999999998,422,0,1,0
2024-08-28 12:19:14,Truck_3,2.6709,-80.8879,163,In Transit,25.1,76.8,Heavy,54,320,5,Weather,93.2,231,1,8,28,12,2,0,0,1,1.2246467991473532e-16,-1.0,-0.8660254037844384,-0.5000000000000004,2.6709,80.8879,80.93198424121331,0.7025862068965517,-68,5032.8,54,1927.68,1600,1,0,0
2024-01-04 22:52:43,Truck_5,-22.4793,-54.5143,130,Delayed,23.7,68.1,Clear,45,487,4,Traffic,84.1,256,1,1,4,22,3,0,0,0,-0.5000000000000004,0.8660254037844384,0.49999999999999994,0.8660254037844387,22.4793,54.5143,58.967175894560185,0.5058365758754864,-126,3784.4999999999995,0,1613.9699999999998,1948,0,0,1
2024-10-30 17:52:03,Truck_4,-34.5353,-40.8617,391,Delayed,21.6,72.5,Clear,58,298,7,Traffic,61.5,170,1,10,30,17,2,0,0,1,-0.9659258262890683,-0.25881904510252063,-0.8660254037844386,0.5000000000000001,34.5353,40.8617,53.501079175844666,2.2865497076023393,221,3567.0,0,1566.0,2086,0,0,1
2024-07-15 15:42:02,Truck_7,-8.7105,-17.8347,344,Delayed,21.4,53.5,Detour,23,461,9,,93.4,106,1,7,15,15,0,0,0,1,-0.7071067811865471,-0.7071067811865479,-0.4999999999999997,-0.8660254037844388,8.7105,17.8347,19.848156950709555,3.2149532710280373,238,2148.2000000000003,23,1144.8999999999999,4149,0,1,0
2024-01-19 06:42:30,Truck_5,14.6629,116.0696,409,Delayed,27.5,66.6,Detour,29,492,3,,72.6,204,1,1,19,6,4,0,0,0,1.0,6.123233995736766e-17,0.49999999999999994,0.8660254037844387,14.6629,116.0696,116.99210520616337,1.9951219512195122,205,2105.3999999999996,29,1831.4999999999998,1476,0,1,0
2024-04-28 21:23:34,Truck_10,75.7743,108.9425,457,In Transit,25.5,75.9,Clear,21,315,3,Traffic,83.4,248,0,4,28,21,6,1,0,0,-0.7071067811865477,0.7071067811865474,0.8660254037844387,-0.4999999999999998,75.7743,108.9425,132.70347714638075,1.8353413654618473,209,1751.4,0,1935.45,945,0,0,1
2024-03-06 20:00:26,Truck_5,50.3419,108.5647,207,Delivered,29.3,59.4,Detour,31,174,5,Mechanical Failure,65.9,195,0,3,6,20,2,0,0,0,-0.8660254037844386,0.5000000000000001,1.0,6.123233995736766e-17,50.3419,108.5647,119.66871346220782,1.0561224489795917,12,2042.9,31,1740.42,870,0,1,0
2024-11-20 16:38:07,Truck_8,-6.6729,132.6727,155,Delivered,19.4,53.2,Heavy,20,152,1,Mechanical Failure,99.3,235,1,11,20,16,2,0,0,1,-0.8660254037844384,-0.5000000000000004,-0.5000000000000004,0.8660254037844384,6.6729,132.6727,132.84040394285165,0.6567796610169492,-80,1986.0,20,1032.08,152,1,0,0
2024-01-07 09:13:28,Truck_6,-74.1751,-102.7331,314,Delivered,19.9,64.8,Detour,57,396,10,Weather,78.6,135,0,1,7,9,6,1,0,1,0.7071067811865476,-0.7071067811865475,0.49999999999999994,0.8660254037844387,74.1751,102.7331,126.71241176625121,2.3088235294117645,179,4480.2,57,1289.5199999999998,3960,0,1,0
2024-09-25 15:12:12,Truck_10,-33.2264,169.6187,156,In Transit,27.2,74.4,Clear,35,354,2,Weather,63.1,282,0,9,25,15,2,0,0,1,-0.7071067811865471,-0.7071067811865479,-1.0,-1.8369701987210297e-16,33.2264,169.6187,172.84240523277265,0.5512367491166078,-126,2208.5,0,2023.68,708,0,0,1
2024-02-11 13:30:18,Truck_2,-34.4469,93.1585,119,In Transit,28.1,72.4,Detour,41,176,2,,60.9,238,0,2,11,13,6,1,0,1,-0.2588190451025208,-0.9659258262890683,0.8660254037844386,0.5000000000000001,34.4469,93.1585,99.323184815329,0.497907949790795,-119,2496.9,41,2034.4400000000003,352,0,1,0
2024-11-20 11:22:13,Truck_3,-13.511,141.8454,112,In Transit,19.7,76.6,Detour,22,121,3,Traffic,80.9,262,0,11,20,11,2,0,0,1,0.258819045102521,-0.9659258262890682,-0.5000000000000004,0.8660254037844384,13.511,141.8454,142.48741917151844,0.42585551330798477,-150,1779.8000000000002,22,1509.0199999999998,363,0,1,0
2024-06-25 02:26:25,Truck_3,-22.427,108.2306,435,Delivered,25.8,78.6,Heavy,22,220,7,Traffic,90.8,101,1,6,25,2,1,0,1,0,0.49999999999999994,0.8660254037844387,1.2246467991473532e-16,-1.0,22.427,108.2306,110.5297837931478,4.264705882352941,334,1997.6,22,2027.8799999999999,1540,1,0,0
2024-06-25 00:01:12,Truck_9,43.3353,-12.0683,422,Delivered,20.0,62.9,Heavy,14,184,9,Traffic,64.0,248,1,6,25,0,1,0,1,0,0.0,1.0,1.2246467991473532e-16,-1.0,43.3353,12.0683,44.984353846420866,1.6947791164658634,174,896.0,14,1258.0,1656,1,0,0
2024-05-02 02:33:56,Truck_4,-66.7517,161.45,353,In Transit,20.5,52.0,Heavy,26,392,7,Traffic,76.4,155,1,5,2,2,3,0,1,0,0.49999999999999994,0.8660254037844387,0.49999999999999994,-0.8660254037844387,66.7517,161.45,174.7051572017552,2.2628205128205128,198,1986.4,26,1066.0,2744,1,0,0
2024-08-10 00:04:40,Truck_8,-65.7349,-173.3011,299,Delayed,23.9,50.1,Heavy,17,315,6,,88.3,252,1,8,10,0,5,1,1,0,0.0,1.0,-0.8660254037844384,-0.5000000000000004,65.7349,173.3011,185.349260422641,1.1818181818181819,47,1501.1,17,1197.3899999999999,1890,1,0,0
2024-05-13 03:20:21,Truck_1,-55.4768,18.2551,261,Delayed,22.5,78.4,Clear,41,209,6,Mechanical Failure,71.8,240,1,5,13,3,0,0,1,0,0.7071067811865475,0.7071067811865476,0.49999999999999994,-0.8660254037844387,55.4768,18.2551,58.40311647720522,1.0829875518672198,21,2943.7999999999997,0,1764.0000000000002,1254,0,0,1
2024-12-02 08:32:47,Truck_8,5.9179,74.8254,425,Delayed,19.3,51.1,Heavy,39,235,9,Mechanical Failure,88.3,242,1,12,2,8,0,0,0,1,0.8660254037844387,-0.4999999999999998,-2.4492935982947064e-16,1.0,5.9179,74.8254,75.05905691900212,1.7489711934156378,183,3443.7,39,986.23,2115,1,0,0
2024-02-12 06:23:27,Truck_7,49.3929,-47.5805,369,Delivered,26.3,52.1,Detour,48,104,7,,66.7,220,0,2,12,6,0,0,0,0,1.0,6.123233995736766e-17,0.8660254037844386,0.5000000000000001,49.3929,47.5805,68.58252365333314,1.669683257918552,149,3201.6000000000004,48,1370.23,728,0,1,0
2024-04-24 06:17:22,Truck_10,80.3158,70.765,223,Delayed,24.0,60.2,Heavy,45,292,6,Weather,78.4,205,1,4,24,6,2,0,0,0,1.0,6.123233995736766e-17,0.8660254037844387,-0.4999999999999998,80.3158,70.765,107.04350963341962,1.0825242718446602,18,3528.0000000000005,45,1444.8000000000002,1752,1,0,0
2024-12-06 19:05:13,Truck_2,-19.8847,42.5062,200,Delivered,28.1,72.1,Detour,28,129,9,,74.3,134,0,12,6,19,4,0,0,0,-0.9659258262890684,0.2588190451025203,-2.4492935982947064e-16,1.0,19.8847,42.5062,46.92737295577071,1.4814814814814814,66,2080.4,28,2026.01,1161,0,1,0
2024-04-30 11:53:17,Truck_9,5.4555,-147.5455,466,In Transit,26.1,72.1,Detour,54,475,9,Mechanical Failure,83.4,222,0,4,30,11,1,0,0,1,0.258819045102521,-0.9659258262890682,0.8660254037844387,-0.4999999999999998,5.4555,147.5455,147.646324202467,2.0896860986547083,244,4503.6,54,1881.81,4275,0,1,0
2024-09-19 22:53:51,Truck_8,-19.2577,66.744,474,In Transit,27.7,71.2,Heavy,50,311,3,Mechanical Failure,91.6,266,1,9,19,22,3,0,0,0,-0.5000000000000004,0.8660254037844384,-1.0,-1.8369701987210297e-16,19.2577,66.744,69.4666865863775,1.7752808988764044,208,4580.0,50,1972.24,933,1,0,0
2024-12-22 15:08:14,Truck_6,-79.0792,-16.3423,490,Delivered,23.1,75.2,Heavy,14,460,7,,87.8,261,1,12,22,15,6,1,0,1,-0.7071067811865471,-0.7071067811865479,-2.4492935982947064e-16,1.0,79.0792,16.3423,80.75017425324853,1.8702290076335877,229,1229.2,14,1737.1200000000001,3220,1,0,0
2024-08-15 05:45:04,Truck_5,-1.6787,3.2441,126,Delivered,29.6,67.6,Detour,19,201,9,Weather,84.1,255,0,8,15,5,3,0,1,0,0.9659258262890683,0.25881904510252074,-0.8660254037844384,-0.5000000000000004,1.6787,3.2441,3.6527001656308995,0.4921875,-129,1597.8999999999999,19,2000.96,1809,0,1,0
2024-03-16 11:17:42,Truck_7,-8.2431,-12.4959,164,In Transit,18.2,76.4,Clear,45,466,7,,98.1,196,0,3,16,11,5,1,0,1,0.258819045102521,-0.9659258262890682,1.0,6.123233995736766e-17,8.2431,12.4959,14.969843500183963,0.8324873096446701,-32,4414.5,0,1390.48,3262,0,0,1
2024-12-28 11:40:55,Truck_2,-30.0701,135.6396,477,Delayed,19.2,79.4,Clear,12,310,5,Mechanical Failure,63.7,129,1,12,28,11,5,1,0,1,0.258819045102521,-0.9659258262890682,-2.4492935982947064e-16,1.0,30.0701,135.6396,138.9327607232002,3.669230769230769,348,764.4000000000001,0,1524.48,1550,0,0,1
2024-02-04 18:55:58,Truck_5,61.8444,107.4835,245,In Transit,24.2,56.9,Detour,39,379,2,Traffic,66.4,183,0,2,4,18,6,1,0,0,-1.0,-1.8369701987210297e-16,0.8660254037844386,0.5000000000000001,61.8444,107.4835,124.00577641227041,1.3315217391304348,62,2589.6000000000004,39,1376.98,758,0,1,0
2024-12-01 23:54:16,Truck_7,-68.3515,158.251,206,Delayed,20.7,77.5,Clear,15,308,2,Mechanical Failure,63.9,209,1,12,1,23,6,1,0,0,-0.25881904510252157,0.9659258262890681,-2.4492935982947064e-16,1.0,68.3515,158.251,172.38128249102337,0.9809523809523809,-3,958.5,0,1604.25,616,0,0,1
2024-06-22 13:26:02,Truck_6,-33.8378,73.3221,310,In Transit,18.7,54.7,Clear,52,232,9,Traffic,72.6,113,0,6,22,13,5,1,0,1,-0.2588190451025208,-0.9659258262890683,1.2246467991473532e-16,-1.0,33.8378,73.3221,80.75349563486401,2.719298245614035,197,3775.2,0,1022.89,2088,0,0,1
2024-07-27 15:50:46,Truck_2,69.6609,38.4464,225,Delivered,19.0,63.0,Heavy,17,282,6,Weather,99.6,265,1,7,27,15,5,1,0,1,-0.7071067811865471,-0.7071067811865479,-0.4999999999999997,-0.8660254037844388,69.6609,38.4464,79.56611503504492,0.8458646616541353,-40,1693.1999999999998,17,1197.0,1692,1,0,0
2024-09-05 14:12:00,Truck_3,20.8843,1.3947,303,Delayed,20.7,70.6,Clear,47,143,10,,98.1,123,1,9,5,14,3,0,0,1,-0.4999999999999997,-0.8660254037844388,-1.0,-1.8369701987210297e-16,20.8843,1.3947,20.93081877471591,2.443548387096774,180,4610.7,0,1461.4199999999998,1430,0,0,1
2024-11-11 22:09:53,Truck_1,-14.8081,-177.3003,237,Delayed,20.7,78.3,Heavy,35,491,2,,80.7,189,1,11,11,22,0,0,0,0,-0.5000000000000004,0.8660254037844384,-0.5000000000000004,0.8660254037844384,14.8081,177.3003,177.9176107238966,1.2473684210526317,48,2824.5,35,1620.81,982,1,0,0
2024-05-01 22:26:11,Truck_6,0.0414,-130.6505,172,Delivered,18.2,79.9,Clear,46,258,3,Mechanical Failure,60.1,154,0,5,1,22,2,0,0,0,-0.5000000000000004,0.8660254037844384,0.49999999999999994,-0.8660254037844387,0.0414,130.6505,130.65050655933177,1.1096774193548387,18,2764.6,0,1454.18,774,0,0,1
2024-07-26 20:19:01,Truck_9,-79.9146,-3.8554,214,In Transit,21.7,77.0,Heavy,47,187,10,,97.4,175,1,7,26,20,4,0,0,0,-0.8660254037844386,0.5000000000000001,-0.4999999999999997,-0.8660254037844388,79.9146,3.8554,80.00754590862039,1.2159090909090908,39,4577.8,47,1670.8999999999999,1870,1,0,0
2024-08-09 01:16:43,Truck_3,76.4465,173.1493,330,Delayed,24.0,52.9,Heavy,14,425,1,Mechanical Failure,89.8,289,1,8,9,1,4,0,1,0,0.25881904510252074,0.9659258262890683,-0.8660254037844384,-0.5000000000000004,76.4465,173.1493,189.27426516232998,1.1379310344827587,41,1257.2,14,1269.6,425,1,0,0
2024-01-29 21:04:08,Truck_5,-15.6005,-92.1974,130,Delivered,18.1,78.3,Heavy,39,424,9,Traffic,92.3,143,1,1,29,21,0,0,0,0,-0.7071067811865477,0.7071067811865474,0.49999999999999994,0.8660254037844387,15.6005,92.1974,93.50794707943277,0.9027777777777778,-13,3599.7,39,1417.23,3816,1,0,0
2024-03-23 12:47:34,Truck_2,67.396,170.1537,364,Delayed,26.9,67.8,Clear,55,467,7,Weather,95.2,128,1,3,23,12,5,1,0,1,1.2246467991473532e-16,-1.0,1.0,6.123233995736766e-17,67.396,170.1537,183.0150333707316,2.8217054263565893,236,5236.0,0,1823.82,3269,0,0,1
2024-10-17 13:22:31,Truck_8,33.6179,-67.2758,430,Delayed,26.4,68.4,Heavy,16,277,8,,71.9,137,1,10,17,13,3,0,0,1,-0.2588190451025208,-0.9659258262890683,-0.8660254037844386,0.5000000000000001,33.6179,67.2758,75.20768887587226,3.1159420289855073,293,1150.4,16,1805.76,2216,1,0,0
2024-07-11 07:07:27,Truck_8,-50.8174,-40.3409,187,In Transit,18.6,67.7,Clear,12,375,5,,85.4,140,0,7,11,7,3,0,0,0,0.9659258262890683,-0.25881904510252063,-0.4999999999999997,-0.8660254037844388,50.8174,40.3409,64.88294348725249,1.326241134751773,47,1024.8000000000002,0,1259.2200000000003,1875,0,0,1
2024-12-11 16:57:48,Truck_5,50.2709,125.6915,323,Delayed,28.3,61.2,Detour,52,139,4,Weather,72.4,127,1,12,11,16,2,0,0,1,-0.8660254037844384,-0.5000000000000004,-2.4492935982947064e-16,1.0,50.2709,125.6915,135.37177164778484,2.5234375,196,3764.8,52,1731.96,556,0,1,0
2024-01-10 01:05:25,Truck_9,-73.8211,3.187,386,Delivered,26.6,78.2,Detour,19,456,7,Traffic,87.6,290,0,1,10,1,2,0,1,0,0.25881904510252074,0.9659258262890683,0.49999999999999994,0.8660254037844387,73.8211,3.187,73.88986245900043,1.3264604810996563,96,1664.3999999999999,19,2080.1200000000003,3192,0,1,0
2024-06-17 07:59:24,Truck_9,79.1172,178.4934,422,Delayed,19.6,53.3,Heavy,40,205,5,Weather,86.1,242,1,6,17,7,0,0,0,0,0.9659258262890683,-0.25881904510252063,1.2246467991473532e-16,-1.0,79.1172,178.4934,195.2419657230484,1.7366255144032923,180,3444.0,40,1044.68,1025,1,0,0
2024-04-17 20:13:18,Truck_9,67.9086,-140.0283,318,Delivered,26.0,77.4,Clear,19,314,2,,70.2,250,0,4,17,20,2,0,0,0,-0.8660254037844386,0.5000000000000001,0.8660254037844387,-0.4999999999999998,67.9086,140.0283,155.6261634650485,1.2669322709163346,68,1333.8,0,2012.4,628,0,0,1
2024-10-09 18:26:11,Truck_9,-72.8958,129.8921,176,In Transit,22.6,73.3,Heavy,37,154,4,Mechanical Failure,91.4,169,1,10,9,18,2,0,0,0,-1.0,-1.8369701987210297e-16,-0.8660254037844386,0.5000000000000001,72.8958,129.8921,148.94883450383222,1.035294117647059,7,3381.8,37,1656.58,616,1,0,0
2024-11-27 17:17:47,Truck_4,-58.6802,-62.7474,125,Delayed,23.4,57.6,Heavy,23,191,2,Traffic,72.0,241,1,11,27,17,2,0,0,1,-0.9659258262890683,-0.25881904510252063,-0.5000000000000004,0.8660254037844384,58.6802,62.7474,85.91043055880932,0.5165289256198347,-116,1656.0,23,1347.84,382,1,0,0
2024-06-12 02:49:27,Truck_6,64.0395,-151.7045,336,In Transit,27.4,58.9,Detour,49,100,10,Weather,70.7,236,0,6,12,2,2,0,1,0,0.49999999999999994,0.8660254037844387,1.2246467991473532e-16,-1.0,64.0395,151.7045,164.66727932561466,1.4177215189873418,100,3464.3,49,1613.86,1000,0,1,0
2024-11-02 21:19:46,Truck_7,-24.1402,-168.6013,244,Delivered,21.3,73.8,Heavy,39,229,7,,98.1,197,1,11,2,21,5,1,0,0,-0.7071067811865477,0.7071067811865474,-0.5000000000000004,0.8660254037844384,24.1402,168.6013,170.32071987204023,1.2323232323232323,47,3825.8999999999996,39,1571.94,1603,1,0,0
2024-02-29 15:12:54,Truck_4,72.8574,179.01,391,In Transit,20.5,71.2,Detour,12,112,7,,78.3,267,0,2,29,15,3,0,0,1,-0.7071067811865471,-0.7071067811865479,0.8660254037844386,0.5000000000000001,72.8574,179.01,193.26867525483792,1.458955223880597,124,939.5999999999999,12,1459.6000000000001,784,0,1,0
2024-03-17 23:47:15,Truck_6,7.3575,86.6442,425,Delivered,24.2,54.6,Detour,32,193,3,Weather,69.9,260,0,3,17,23,6,1,0,0,-0.25881904510252157,0.9659258262890681,1.0,6.123233995736766e-17,7.3575,86.6442,86.95602451751114,1.628352490421456,165,2236.8,32,1321.32,579,0,1,0
2024-11-25 10:39:09,Truck_5,68.9594,-123.5048,403,In Transit,26.9,60.6,Clear,50,418,1,Traffic,67.8,182,0,11,25,10,0,0,0,1,0.49999999999999994,-0.8660254037844387,-0.5000000000000004,0.8660254037844384,68.9594,123.5048,141.452587361985,2.202185792349727,221,3390.0,0,1630.1399999999999,418,0,0,1
2024-07-04 18:22:32,Truck_4,14.9079,50.1606,438,Delayed,26.5,69.3,Heavy,34,378,5,Weather,88.7,256,1,7,4,18,3,0,0,0,-1.0,-1.8369701987210297e-16,-0.4999999999999997,-0.8660254037844388,14.9079,50.1606,52.329067207145975,1.7042801556420233,182,3015.8,34,1836.4499999999998,1890,1,0,0
2024-03-19 05:23:55,Truck_1,66.2353,10.8345,339,In Transit,26.8,64.5,Detour,24,235,6,Traffic,69.3,212,0,3,19,5,1,0,1,0,0.9659258262890683,0.25881904510252074,1.0,6.123233995736766e-17,66.2353,10.8345,67.11558206810099,1.591549295774648,127,1663.1999999999998,24,1728.6000000000001,1410,0,1,0
2024-03-20 01:25:23,Truck_9,70.1899,-65.6792,203,In Transit,18.0,68.9,Heavy,19,370,3,Traffic,74.4,254,1,3,20,1,2,0,1,0,0.25881904510252074,0.9659258262890683,1.0,6.123233995736766e-17,70.1899,65.6792,96.12689204717896,0.796078431372549,-51,1413.6000000000001,19,1240.2,1110,1,0,0
2024-07-18 11:16:58,Truck_4,51.4539,-20.8253,313,Delivered,23.6,65.2,Clear,49,137,6,,100.0,122,0,7,18,11,3,0,0,1,0.258819045102521,-0.9659258262890682,-0.4999999999999997,-0.8660254037844388,51.4539,20.8253,55.508530383176236,2.5447154471544717,191,4900.0,0,1538.7200000000003,822,0,0,1
2024-08-10 08:40:26,Truck_2,-39.88,55.1792,261,Delivered,27.1,67.3,Detour,35,496,2,Weather,71.3,264,0,8,10,8,5,1,0,1,0.8660254037844387,-0.4999999999999998,-0.8660254037844384,-0.5000000000000004,39.88,55.1792,68.08199844775416,0.9849056603773585,-3,2495.5,35,1823.83,992,0,1,0
2024-02-20 08:11:14,Truck_8,-17.2355,-130.6915,179,In Transit,28.5,51.0,Detour,12,354,3,Weather,92.8,225,0,2,20,8,1,0,0,1,0.8660254037844387,-0.4999999999999998,0.8660254037844386,0.5000000000000001,17.2355,130.6915,131.82310356117398,0.7920353982300885,-46,1113.6,12,1453.5,1062,0,1,0
2024-12-18 02:23:25,Truck_6,-44.2576,-86.5073,442,In Transit,18.3,50.3,Clear,56,469,2,,96.3,192,0,12,18,2,2,0,1,0,0.49999999999999994,0.8660254037844387,-2.4492935982947064e-16,1.0,44.2576,86.5073,97.17123088162462,2.290155440414508,250,5392.8,0,920.49,938,0,0,1
2024-08-20 16:18:37,Truck_5,19.9257,116.0526,291,Delivered,28.5,54.6,Heavy,14,316,7,,77.5,288,1,8,20,16,1,0,0,1,-0.8660254037844384,-0.5000000000000004,-0.8660254037844384,-0.5000000000000004,19.9257,116.0526,117.75075153581822,1.0069204152249136,3,1085.0,14,1556.1000000000001,2212,1,0,0
2024-11-06 07:40:41,Truck_5,-47.2094,15.6324,348,Delivered,28.2,68.3,Clear,22,415,4,Traffic,67.4,204,0,11,6,7,2,0,0,0,0.9659258262890683,-0.25881904510252063,-0.5000000000000004,0.8660254037844384,47.2094,15.6324,49.730266218068856,1.697560975609756,144,1482.8000000000002,0,1926.06,1660,0,0,1
2024-12-14 15:09:01,Truck_6,-58.4249,-57.6609,454,In Transit,23.7,51.9,Clear,51,232,7,Weather,78.7,172,0,12,14,15,5,1,0,1,-0.7071067811865471,-0.7071067811865479,-2.4492935982947064e-16,1.0,58.4249,57.6609,82.08683407721362,2.6242774566473988,282,4013.7000000000003,0,1230.03,1624,0,0,1
2024-01-15 12:01:25,Truck_1,-20.0696,-73.2689,486,Delivered,29.1,78.4,Clear,21,158,7,,62.6,243,0,1,15,12,0,0,0,1,1.2246467991473532e-16,-1.0,0.49999999999999994,0.8660254037844387,20.0696,73.2689,75.96789158170706,1.9918032786885247,243,1314.6000000000001,0,2281.44,1106,0,0,1
2024-05-18 10:00:52,Truck_10,-36.8549,164.7618,483,In Transit,29.2,65.0,Heavy,57,167,8,Mechanical Failure,96.8,245,1,5,18,10,5,1,0,1,0.49999999999999994,-0.8660254037844387,0.49999999999999994,-0.8660254037844387,36.8549,164.7618,168.83345164169924,1.9634146341463414,238,5517.599999999999,57,1898.0,1336,1,0,0
2024-11-17 02:02:28,Truck_4,-86.6609,-128.0354,472,Delivered,23.5,72.0,Clear,59,485,3,Weather,67.2,248,0,11,17,2,6,1,1,0,0.49999999999999994,0.8660254037844387,-0.5000000000000004,0.8660254037844384,86.6609,128.0354,154.6065174627836,1.895582329317269,224,3964.8,0,1692.0,1455,0,0,1
2024-08-22 20:11:57,Truck_5,-53.3732,-99.637,186,In Transit,18.9,70.5,Clear,38,344,1,Traffic,95.6,252,0,8,22,20,3,0,0,0,-0.8660254037844386,0.5000000000000001,-0.8660254037844384,-0.5000000000000004,53.3732,99.637,113.03198771692905,0.7351778656126482,-66,3632.7999999999997,0,1332.4499999999998,344,0,0,1
2024-09-12 08:00:47,Truck_6,-58.7963,-150.4122,366,In Transit,22.8,66.7,Clear,39,219,7,Traffic,91.0,211,0,9,12,8,3,0,0,1,0.8660254037844387,-0.4999999999999998,-1.0,-1.8369701987210297e-16,58.7963,150.4122,161.49561852424978,1.7264150943396226,155,3549.0,0,1520.7600000000002,1533,0,0,1
2024-08-09 21:54:31,Truck_5,-46.1616,-46.6401,359,Delivered,23.0,71.7,Detour,50,486,10,Traffic,64.0,169,0,8,9,21,4,0,0,0,-0.7071067811865477,0.7071067811865474,-0.8660254037844384,-0.5000000000000004,46.1616,46.6401,65.6215836639897,2.111764705882353,190,3200.0,50,1649.1000000000001,4860,0,1,0
2024-04-19 02:50:29,Truck_7,33.8716,36.8753,422,Delayed,26.5,75.0,Heavy,39,100,6,,67.2,127,1,4,19,2,4,0,1,0,0.49999999999999994,0.8660254037844387,0.8660254037844387,-0.4999999999999998,33.8716,36.8753,50.07068040929742,3.296875,295,2620.8,39,1987.5,600,1,0,0
2024-09-30 11:18:34,Truck_6,35.7136,-23.1356,209,In Transit,24.9,76.8,Clear,51,214,2,Mechanical Failure,86.5,156,0,9,30,11,0,0,0,1,0.258819045102521,-0.9659258262890682,-1.0,-1.8369701987210297e-16,35.7136,23.1356,42.552522984189785,1.3312101910828025,53,4411.5,0,1912.3199999999997,428,0,0,1
2024-03-22 16:43:42,Truck_5,36.3858,-107.3894,324,Delayed,20.7,77.5,Heavy,39,387,1,,69.1,138,1,3,22,16,4,0,0,1,-0.8660254037844384,-0.5000000000000004,1.0,6.123233995736766e-17,36.3858,107.3894,113.38610882290652,2.3309352517985613,186,2694.8999999999996,39,1604.25,387,1,0,0
2024-10-15 04:02:56,Truck_7,26.6125,25.4788,199,In Transit,27.4,57.1,Heavy,28,383,6,,61.9,105,1,10,15,4,1,0,1,0,0.8660254037844386,0.5000000000000001,-0.8660254037844386,0.5000000000000001,26.6125,25.4788,36.84283384445339,1.8773584905660377,94,1733.2,28,1564.54,2298,1,0,0
2024-12-18 19:01:30,Truck_5,-84.8915,57.5714,213,Delayed,27.7,58.1,Clear,41,267,7,Mechanical Failure,60.9,254,1,12,18,19,2,0,0,0,-0.9659258262890684,0.2588190451025203,-2.4492935982947064e-16,1.0,84.8915,57.5714,102.57208621359906,0.8352941176470589,-41,2496.9,0,1609.37,1869,0,0,1
2024-06-09 17:12:12,Truck_4,-49.6846,-63.2892,257,Delayed,23.1,59.1,Clear,56,451,3,Weather,93.8,248,1,6,9,17,6,1,0,1,-0.9659258262890683,-0.25881904510252063,1.2246467991473532e-16,-1.0,49.6846,63.2892,80.46168227050687,1.0321285140562249,9,5252.8,0,1365.21,1353,0,0,1
2024-10-30 02:01:46,Truck_5,14.7474,-2.5245,475,In Transit,22.2,79.4,Detour,25,268,3,Weather,60.3,151,0,10,30,2,2,0,1,0,0.49999999999999994,0.8660254037844387,-0.8660254037844386,0.5000000000000001,14.7474,2.5245,14.961915218647645,3.125,324,1507.5,25,1762.68,804,0,1,0
2024-06-23 03:05:18,Truck_7,-8.6011,-63.1274,377,In Transit,22.7,75.5,Clear,59,445,7,,99.1,272,0,6,23,3,6,1,1,0,0.7071067811865475,0.7071067811865476,1.2246467991473532e-16,-1.0,8.6011,63.1274,63.71065493282894,1.380952380952381,105,5846.9,0,1713.85,3115,0,0,1
2024-08-19 17:13:42,Truck_2,67.2149,117.9203,456,Delayed,26.4,51.4,Heavy,23,100,1,Weather,94.2,105,1,8,19,17,0,0,0,1,-0.9659258262890683,-0.25881904510252063,-0.8660254037844384,-0.5000000000000004,67.2149,117.9203,135.731499417416,4.30188679245283,351,2166.6,23,1356.9599999999998,100,1,0,0
2024-04-30 12:39:49,Truck_1,-11.3392,-69.3395,106,Delayed,18.3,65.9,Heavy,53,244,2,Traffic,99.5,125,1,4,30,12,1,0,0,1,1.2246467991473532e-16,-1.0,0.8660254037844387,-0.4999999999999998,11.3392,69.3395,70.26054167802864,0.8412698412698413,-19,5273.5,53,1205.9700000000003,488,1,0,0
2024-12-15 03:53:36,Truck_10,26.3763,157.0905,234,Delayed,29.1,65.3,Clear,19,432,3,Weather,92.7,214,1,12,15,3,6,1,1,0,0.7071067811865475,0.7071067811865476,-2.4492935982947064e-16,1.0,26.3763,157.0905,159.28946729755862,1.0883720930232559,20,1761.3,0,1900.23,1296,0,0,1
2024-03-21 14:56:42,Truck_8,-13.469,75.3408,390,Delayed,19.5,79.2,Heavy,26,366,4,Mechanical Failure,69.4,217,1,3,21,14,3,0,0,1,-0.4999999999999997,-0.8660254037844388,1.0,6.123233995736766e-17,13.469,75.3408,76.53528666987536,1.7889908256880733,173,1804.4,26,1544.4,1464,1,0,0
2024-09-27 18:08:16,Truck_4,-11.2424,-4.5638,203,Delivered,20.4,78.3,Detour,21,187,5,,87.9,262,0,9,27,18,4,0,0,0,-1.0,-1.8369701987210297e-16,-1.0,-1.8369701987210297e-16,11.2424,4.5638,12.133417828460372,0.7718631178707225,-59,1845.9,21,1597.32,935,0,1,0
2024-11-17 08:35:02,Truck_6,62.6559,18.8474,297,Delayed,23.1,59.4,Detour,29,268,10,Traffic,71.2,151,1,11,17,8,6,1,0,1,0.8660254037844387,-0.4999999999999998,-0.5000000000000004,0.8660254037844384,62.6559,18.8474,65.42924645424247,1.9539473684210527,146,2064.8,29,1372.14,2680,0,1,0
2024-05-03 03:34:28,Truck_9,60.8032,-179.5906,238,In Transit,25.0,75.8,Heavy,26,330,9,Weather,99.2,165,1,5,3,3,4,0,1,0,0.7071067811865475,0.7071067811865476,0.49999999999999994,-0.8660254037844387,60.8032,179.5906,189.60435843777432,1.4337349397590362,73,2579.2000000000003,26,1895.0,2970,1,0,0
2024-03-05 00:54:47,Truck_4,-10.0451,79.8956,126,Delivered,28.2,54.5,Detour,35,320,4,Mechanical Failure,93.7,136,0,3,5,0,1,0,1,0,0.0,1.0,1.0,6.123233995736766e-17,10.0451,79.8956,80.52459831237906,0.9197080291970803,-10,3279.5,35,1536.8999999999999,1280,0,1,0
2024-01-14 09:22:40,Truck_2,17.6483,114.2638,455,Delivered,22.9,79.6,Detour,51,410,9,Weather,84.9,233,0,1,14,9,6,1,0,1,0.7071067811865476,-0.7071067811865475,0.49999999999999994,0.8660254037844387,17.6483,114.2638,115.61867705232576,1.9444444444444444,222,4329.900000000001,51,1822.8399999999997,3690,0,1,0
2024-02-17 21:06:05,Truck_4,-51.9233,-57.5858,220,Delayed,29.4,52.4,Clear,18,468,9,Mechanical Failure,63.1,137,1,2,17,21,5,1,0,0,-0.7071067811865477,0.7071067811865474,0.8660254037844386,0.5000000000000001,51.9233,57.5858,77.53807738479205,1.5942028985507246,83,1135.8,0,1540.56,4212,0,0,1
2024-07-06 11:17:28,Truck_5,22.3898,3.8948,403,In Transit,22.5,62.5,Clear,38,225,3,Weather,81.4,169,0,7,6,11,5,1,0,1,0.258819045102521,-0.9659258262890682,-0.4999999999999997,-0.8660254037844388,22.3898,3.8948,22.72603377362623,2.3705882352941177,234,3093.2000000000003,0,1406.25,675,0,0,1
2024-05-10 22:14:19,Truck_10,86.3368,29.4478,448,Delayed,23.4,59.9,Detour,41,120,10,Weather,70.8,150,1,5,10,22,4,0,0,0,-0.5000000000000004,0.8660254037844384,0.49999999999999994,-0.8660254037844387,86.3368,29.4478,91.22069918105211,2.966887417218543,298,2902.7999999999997,41,1401.6599999999999,1200,0,1,0
2024-12-23 18:56:11,Truck_5,-14.6662,-88.3674,168,In Transit,22.4,57.9,Heavy,43,377,4,Mechanical Failure,71.1,140,1,12,23,18,0,0,0,0,-1.0,-1.8369701987210297e-16,-2.4492935982947064e-16,1.0,14.6662,88.3674,89.57619552760656,1.1914893617021276,28,3057.2999999999997,43,1296.9599999999998,1508,1,0,0
2024-02-06 08:28:02,Truck_7,-71.9057,-41.4314,409,Delivered,18.0,53.5,Heavy,47,153,9,,74.1,117,1,2,6,8,1,0,0,1,0.8660254037844387,-0.4999999999999998,0.8660254037844386,0.5000000000000001,71.9057,41.4314,82.98789428856475,3.4661016949152543,292,3482.7,47,963.0,1377,1,0,0
2024-09-16 10:08:52,Truck_2,54.8888,7.4287,469,In Transit,20.7,70.4,Clear,31,335,7,Traffic,86.1,298,0,9,16,10,0,0,0,1,0.49999999999999994,-0.8660254037844387,-1.0,-1.8369701987210297e-16,54.8888,7.4287,55.38922231923825,1.568561872909699,171,2669.1,0,1457.28,2345,0,0,1
2024-01-26 12:56:30,Truck_5,-89.7915,85.8036,305,In Transit,20.5,71.2,Detour,44,302,10,Weather,71.9,141,0,1,26,12,4,0,0,1,1.2246467991473532e-16,-1.0,0.49999999999999994,0.8660254037844387,89.7915,85.8036,124.19650254821994,2.147887323943662,164,3163.6000000000004,44,1459.6000000000001,3020,0,1,0
2024-11-29 06:34:32,Truck_5,39.9088,71.9595,219,Delayed,26.6,79.8,Heavy,46,245,1,,70.5,202,1,11,29,6,4,0,0,0,1.0,6.123233995736766e-17,-0.5000000000000004,0.8660254037844384,39.9088,71.9595,82.28536903781863,1.0788177339901477,17,3243.0,46,2122.68,245,1,0,0
2024-06-02 19:16:49,Truck_8,30.7119,111.5767,167,Delayed,23.8,71.6,Clear,55,416,8,Traffic,60.7,263,1,6,2,19,6,1,0,0,-0.9659258262890684,0.2588190451025203,1.2246467991473532e-16,-1.0,30.7119,111.5767,115.72631846084104,0.6325757575757576,-96,3338.5,0,1704.08,3328,0,0,1
2024-02-08 10:07:24,Truck_4,5.7076,-79.9256,100,Delayed,24.1,50.9,Detour,39,340,4,,96.9,274,1,2,8,10,3,0,0,1,0.49999999999999994,-0.8660254037844387,0.8660254037844386,0.5000000000000001,5.7076,79.9256,80.12913473337898,0.36363636363636365,-174,3779.1000000000004,39,1226.69,1360,0,1,0
2024-08-17 07:05:15,Truck_9,69.0509,91.848,321,In Transit,25.4,53.8,Clear,24,340,5,Traffic,84.6,223,0,8,17,7,5,1,0,0,0.9659258262890683,-0.25881904510252063,-0.8660254037844384,-0.5000000000000004,69.0509,91.848,114.9090157246593,1.4330357142857142,98,2030.3999999999999,0,1366.5199999999998,1700,0,0,1
2024-01-27 04:09:11,Truck_7,52.7828,176.0671,244,Delivered,23.6,64.9,Clear,24,145,4,Mechanical Failure,67.6,285,0,1,27,4,5,1,1,0,0.8660254037844386,0.5000000000000001,0.49999999999999994,0.8660254037844387,52.7828,176.0671,183.8087257946423,0.8531468531468531,-41,1622.3999999999999,0,1531.6400000000003,580,0,0,1
2024-12-13 00:55:11,Truck_9,42.967,146.1358,281,Delivered,18.4,74.6,Detour,41,419,6,,69.1,242,0,12,13,0,4,0,1,0,0.0,1.0,-2.4492935982947064e-16,1.0,42.967,146.1358,152.32148610960962,1.1563786008230452,39,2833.1,41,1372.6399999999999,2514,0,1,0
2024-10-26 21:55:21,Truck_7,-11.9943,-126.8743,301,Delivered,18.3,60.0,Detour,42,243,3,Mechanical Failure,99.0,273,0,10,26,21,5,1,0,0,-0.7071067811865477,0.7071067811865474,-0.8660254037844386,0.5000000000000001,11.9943,126.8743,127.43999071319804,1.0985401459854014,28,4158.0,42,1098.0,729,0,1,0
2024-03-19 05:42:50,Truck_8,60.5903,-90.0415,437,In Transit,25.5,73.2,Clear,59,310,2,,83.9,228,0,3,19,5,1,0,1,0,0.9659258262890683,0.25881904510252074,1.0,6.123233995736766e-17,60.5903,90.0415,108.52951753481629,1.908296943231441,209,4950.1,0,1866.6000000000001,620,0,0,1
2024-10-23 14:15:25,Truck_7,-23.2982,143.8634,253,In Transit,22.8,78.7,Clear,49,180,3,Weather,74.0,296,0,10,23,14,2,0,0,1,-0.4999999999999997,-0.8660254037844388,-0.8660254037844386,0.5000000000000001,23.2982,143.8634,145.73772326614687,0.8518518518518519,-43,3626.0,0,1794.3600000000001,540,0,0,1
2024-01-18 08:34:25,Truck_2,-34.2189,-36.6288,491,Delivered,25.5,50.3,Heavy,18,111,1,Weather,97.1,100,1,1,18,8,3,0,0,1,0.8660254037844387,-0.4999999999999998,0.49999999999999994,0.8660254037844387,34.2189,36.6288,50.12586265242724,4.861386138613861,391,1747.8,18,1282.6499999999999,111,1,0,0
2024-11-15 11:42:39,Truck_3,19.545,73.0968,172,Delayed,22.8,60.4,Detour,38,187,9,Weather,83.3,106,1,11,15,11,4,0,0,1,0.258819045102521,-0.9659258262890682,-0.5000000000000004,0.8660254037844384,19.545,73.0968,75.6647156555815,1.6074766355140186,66,3165.4,38,1377.1200000000001,1683,0,1,0
2024-07-01 16:37:53,Truck_7,33.3351,-103.926,252,Delayed,24.4,72.3,Detour,54,156,6,Mechanical Failure,86.8,225,1,7,1,16,0,0,0,1,-0.8660254037844384,-0.5000000000000004,-0.4999999999999997,-0.8660254037844388,33.3351,103.926,109.14138705372036,1.1150442477876106,27,4687.2,54,1764.12,936,0,1,0
2024-06-11 08:04:09,Truck_4,-63.2064,30.0818,118,Delayed,21.8,52.1,Clear,19,421,8,Mechanical Failure,99.1,284,1,6,11,8,1,0,0,1,0.8660254037844387,-0.4999999999999998,1.2246467991473532e-16,-1.0,63.2064,30.0818,69.99974065809101,0.41403508771929826,-166,1882.8999999999999,0,1135.78,3368,0,0,1
2024-07-03 15:08:44,Truck_4,83.2858,-66.1069,179,Delayed,25.0,71.1,Detour,60,325,1,Weather,66.8,226,1,7,3,15,2,0,0,1,-0.7071067811865471,-0.7071067811865479,-0.4999999999999997,-0.8660254037844388,83.2858,66.1069,106.3327170218555,0.788546255506608,-47,4008.0,60,1777.4999999999998,325,0,1,0
2024-02-05 00:41:30,Truck_6,-23.2424,18.6206,119,Delivered,25.9,77.7,Clear,38,189,7,Weather,79.3,149,0,2,5,0,0,0,1,0,0.0,1.0,0.8660254037844386,0.5000000000000001,23.2424,18.6206,29.781469106140484,0.7933333333333333,-30,3013.4,0,2012.43,1323,0,0,1
2024-03-12 03:54:06,Truck_5,-89.0793,130.3362,221,Delayed,22.8,76.1,Detour,35,233,4,,61.5,281,1,3,12,3,1,0,1,0,0.7071067811865475,0.7071067811865476,1.0,6.123233995736766e-17,89.0793,130.3362,157.86908094661854,0.7836879432624113,-60,2152.5,35,1735.08,932,0,1,0
2024-11-17 06:38:26,Truck_7,-11.2908,-105.2515,261,Delayed,24.5,74.2,Detour,36,201,10,Mechanical Failure,67.0,226,1,11,17,6,6,1,0,0,1.0,6.123233995736766e-17,-0.5000000000000004,0.8660254037844384,11.2908,105.2515,105.85537500235876,1.1497797356828194,35,2412.0,36,1817.9,2010,0,1,0
2024-07-30 10:23:03,Truck_5,0.3773,-13.6838,226,Delivered,25.4,73.7,Detour,46,138,8,Traffic,75.5,298,0,7,30,10,1,0,0,1,0.49999999999999994,-0.8660254037844387,-0.4999999999999997,-0.8660254037844388,0.3773,13.6838,13.689000611074572,0.7558528428093646,-72,3473.0,46,1871.98,1104,0,1,0
2024-12-07 16:11:00,Truck_10,-7.77,163.5958,226,In Transit,21.1,56.1,Heavy,50,160,5,,77.3,174,1,12,7,16,5,1,0,1,-0.8660254037844384,-0.5000000000000004,-2.4492935982947064e-16,1.0,7.77,163.5958,163.78021454876654,1.2914285714285714,52,3865.0,50,1183.71,800,1,0,0
2024-03-15 17:54:08,Truck_7,-80.1222,-56.1497,415,In Transit,25.3,54.4,Heavy,53,345,2,Mechanical Failure,87.4,181,1,3,15,17,4,0,0,1,-0.9659258262890683,-0.25881904510252063,1.0,6.123233995736766e-17,80.1222,56.1497,97.83841649847979,2.28021978021978,234,4632.200000000001,53,1376.32,690,1,0,0
2024-10-15 06:49:32,Truck_3,-84.8041,57.168,422,Delivered,29.7,68.3,Heavy,45,246,1,Weather,85.6,136,1,10,15,6,1,0,0,0,1.0,6.123233995736766e-17,-0.8660254037844386,0.5000000000000001,84.8041,57.168,102.27372879097544,3.0802919708029197,286,3851.9999999999995,45,2028.5099999999998,246,1,0,0
2024-08-27 06:52:35,Truck_8,-13.1475,-1.0702,413,Delayed,23.4,67.1,Heavy,32,325,3,Mechanical Failure,93.3,109,1,8,27,6,1,0,0,0,1.0,6.123233995736766e-17,-0.8660254037844384,-0.5000000000000004,13.1475,1.0702,13.19098496284489,3.7545454545454544,304,2985.6,32,1570.1399999999999,975,1,0,0
2024-08-02 02:01:25,Truck_1,-87.5547,113.4629,269,In Transit,25.2,57.7,Detour,20,247,2,Weather,60.9,177,0,8,2,2,4,0,1,0,0.49999999999999994,0.8660254037844387,-0.8660254037844384,-0.5000000000000004,87.5547,113.4629,143.31662558300764,1.5112359550561798,92,1218.0,20,1454.04,494,0,1,0
2024-11-27 18:48:54,Truck_4,72.9066,36.1965,489,Delivered,25.7,50.1,Heavy,51,204,1,Weather,65.1,184,1,11,27,18,2,0,0,0,-1.0,-1.8369701987210297e-16,-0.5000000000000004,0.8660254037844384,72.9066,36.1965,81.39753642346923,2.6432432432432433,305,3320.1,51,1287.57,204,1,0,0
2024-12-03 05:26:24,Truck_6,16.1951,-119.4492,426,In Transit,28.8,56.2,Clear,30,145,3,Traffic,81.2,220,0,12,3,5,1,0,1,0,0.9659258262890683,0.25881904510252074,-2.4492935982947064e-16,1.0,16.1951,119.4492,120.54207831562388,1.9276018099547512,206,2436.0,0,1618.5600000000002,435,0,0,1
2024-02-05 03:19:43,Truck_5,28.3461,-1.5547,457,Delivered,27.9,78.6,Heavy,18,461,6,Weather,69.1,137,1,2,5,3,0,0,1,0,0.7071067811865475,0.7071067811865476,0.8660254037844386,0.5000000000000001,28.3461,1.5547,28.388703339532785,3.3115942028985508,320,1243.8,18,2192.9399999999996,2766,1,0,0
2024-12-19 22:58:09,Truck_1,-35.5663,47.4028,270,Delivered,21.7,53.6,Clear,15,499,8,Mechanical Failure,94.9,111,0,12,19,22,3,0,0,0,-0.5000000000000004,0.8660254037844384,-2.4492935982947064e-16,1.0,35.5663,47.4028,59.26202108880526,2.4107142857142856,159,1423.5,0,1163.12,3992,0,0,1
2024-11-23 08:44:11,Truck_7,-33.246,106.3248,267,In Transit,29.8,79.8,Heavy,55,282,5,,90.5,173,1,11,23,8,5,1,0,1,0.8660254037844387,-0.4999999999999998,-0.5000000000000004,0.8660254037844384,33.246,106.3248,111.40134474520494,1.5344827586206897,94,4977.5,55,2378.04,1410,1,0,0
2024-04-30 14:49:18,Truck_5,10.2059,98.618,381,Delivered,24.4,50.1,Heavy,54,243,6,,61.5,278,1,4,30,14,1,0,0,1,-0.4999999999999997,-0.8660254037844388,0.8660254037844387,-0.4999999999999998,10.2059,98.618,99.14469385100747,1.3655913978494623,103,3321.0,54,1222.44,1458,1,0,0
2024-06-07 06:45:59,Truck_3,-6.2311,173.6264,402,Delivered,27.0,74.2,Heavy,17,155,10,Traffic,73.4,281,1,6,7,6,4,0,0,0,1.0,6.123233995736766e-17,1.2246467991473532e-16,-1.0,6.2311,173.6264,173.73817480384096,1.425531914893617,121,1247.8000000000002,17,2003.4,1550,1,0,0
2024-11-24 04:49:31,Truck_4,-78.1094,-52.5435,331,Delivered,20.4,66.1,Heavy,25,261,6,Mechanical Failure,77.7,264,1,11,24,4,6,1,1,0,0.8660254037844386,0.5000000000000001,-0.5000000000000004,0.8660254037844384,78.1094,52.5435,94.13765325633521,1.2490566037735849,67,1942.5,25,1348.4399999999998,1566,1,0,0
2024-07-29 00:56:10,Truck_5,-70.3645,-128.8622,167,Delivered,25.6,62.5,Detour,40,246,9,Traffic,63.8,126,0,7,29,0,0,0,1,0,0.0,1.0,-0.4999999999999997,-0.8660254037844388,70.3645,128.8622,146.82176081592948,1.31496062992126,41,2552.0,40,1600.0,2214,0,1,0
2024-06-01 20:00:16,Truck_4,18.1183,116.4939,187,Delayed,23.3,71.7,Heavy,10,209,10,Traffic,97.2,151,1,6,1,20,5,1,0,0,-0.8660254037844386,0.5000000000000001,1.2246467991473532e-16,-1.0,18.1183,116.4939,117.89445081130832,1.230263157894737,36,972.0,10,1670.6100000000001,2090,1,0,0
2024-07-18 12:19:20,Truck_10,20.2969,124.1885,298,In Transit,18.6,74.4,Detour,41,248,1,,86.3,283,0,7,18,12,3,0,0,1,1.2246467991473532e-16,-1.0,-0.4999999999999997,-0.8660254037844388,20.2969,124.1885,125.83619384684202,1.0492957746478873,15,3538.2999999999997,41,1383.8400000000001,248,0,1,0
2024-12-16 11:48:34,Truck_6,-27.7387,19.6189,331,Delayed,21.4,62.9,Detour,46,235,8,Mechanical Failure,62.6,298,1,12,16,11,0,0,0,1,0.258819045102521,-0.9659258262890682,-2.4492935982947064e-16,1.0,27.7387,19.6189,33.97553112020473,1.1070234113712374,33,2879.6,46,1346.06,1880,0,1,0
2024-04-15 22:37:19,Truck_2,-31.1328,175.8453,180,Delivered,27.2,52.9,Clear,29,390,8,Mechanical Failure,68.4,110,0,4,15,22,0,0,0,0,-0.5000000000000004,0.8660254037844384,0.8660254037844387,-0.4999999999999998,31.1328,175.8453,178.58001222961656,1.6216216216216217,70,1983.6000000000001,0,1438.8799999999999,3120,0,0,1
2024-04-05 10:29:17,Truck_10,24.8353,-83.7173,282,In Transit,19.4,71.9,Clear,43,464,10,Traffic,90.0,107,0,4,5,10,4,0,0,1,0.49999999999999994,-0.8660254037844387,0.8660254037844387,-0.4999999999999998,24.8353,83.7173,87.32341292791985,2.611111111111111,175,3870.0,0,1394.86,4640,0,0,1
2024-12-20 12:26:19,Truck_4,-32.724,82.9577,363,Delayed,27.0,70.9,Detour,52,482,6,Weather,62.9,248,1,12,20,12,4,0,0,1,1.2246467991473532e-16,-1.0,-2.4492935982947064e-16,1.0,32.724,82.9577,89.17869793448433,1.4578313253012047,115,3270.7999999999997,52,1914.3000000000002,2892,0,1,0
2024-07-02 03:07:27,Truck_3,72.122,89.9728,212,Delivered,25.9,68.0,Heavy,32,312,6,Mechanical Failure,87.6,296,1,7,2,3,1,0,1,0,0.7071067811865475,0.7071067811865476,-0.4999999999999997,-0.8660254037844388,72.122,89.9728,115.31126408048783,0.7138047138047138,-84,2803.2,32,1761.1999999999998,1872,1,0,0
2024-01-28 04:43:23,Truck_1,-7.636,51.0615,317,In Transit,23.9,69.5,Clear,59,447,1,Weather,97.1,294,0,1,28,4,6,1,1,0,0.8660254037844386,0.5000000000000001,0.49999999999999994,0.8660254037844387,7.636,51.0615,51.62930638939478,1.0745762711864406,23,5728.9,0,1661.05,447,0,0,1
2024-01-14 20:39:14,Truck_2,-24.0118,111.4726,240,Delivered,18.8,63.9,Detour,23,462,1,,61.2,276,0,1,14,20,6,1,0,0,-0.8660254037844386,0.5000000000000001,0.49999999999999994,0.8660254037844387,24.0118,111.4726,114.02941326692863,0.8664259927797834,-36,1407.6000000000001,23,1201.32,462,0,1,0
2024-08-06 11:35:04,Truck_10,77.0042,-12.2919,427,Delayed,20.3,57.3,Heavy,18,341,3,Weather,85.7,189,1,8,6,11,1,0,0,1,0.258819045102521,-0.9659258262890682,-0.8660254037844384,-0.5000000000000004,77.0042,12.2919,77.97908452431331,2.2473684210526317,238,1542.6000000000001,18,1163.19,1023,1,0,0
2024-12-08 01:10:23,Truck_10,-38.6867,-19.9939,144,Delayed,18.2,53.1,Clear,16,106,5,Weather,69.4,214,1,12,8,1,6,1,1,0,0.25881904510252074,0.9659258262890683,-2.4492935982947064e-16,1.0,38.6867,19.9939,43.5478678479211,0.6697674418604651,-70,1110.4,0,966.42,530,0,0,1
2024-02-27 01:51:59,Truck_8,41.375,77.2949,280,In Transit,25.5,74.2,Clear,46,447,2,Traffic,65.3,236,0,2,27,1,1,0,1,0,0.25881904510252074,0.9659258262890683,0.8660254037844386,0.5000000000000001,41.375,77.2949,87.67207189869531,1.1814345991561181,44,3003.7999999999997,0,1892.1000000000001,894,0,0,1
2024-02-14 21:28:31,Truck_2,-68.4651,179.4433,182,Delayed,20.3,59.8,Detour,30,288,7,,83.3,107,1,2,14,21,2,0,0,0,-0.7071067811865477,0.7071067811865474,0.8660254037844386,0.5000000000000001,68.4651,179.4433,192.06084409087657,1.6851851851851851,75,2499.0,30,1213.94,2016,0,1,0
2024-03-21 11:48:25,Truck_3,-13.0063,0.5345,439,Delayed,21.5,72.8,Heavy,30,101,10,Mechanical Failure,90.4,114,1,3,21,11,3,0,0,1,0.258819045102521,-0.9659258262890682,1.0,6.123233995736766e-17,13.0063,0.5345,13.017278131007263,3.8173913043478263,325,2712.0,30,1565.2,1010,1,0,0
2024-10-16 22:56:13,Truck_2,41.3066,161.1462,174,Delayed,27.2,77.9,Heavy,39,173,5,Mechanical Failure,91.1,262,1,10,16,22,2,0,0,0,-0.5000000000000004,0.8660254037844384,-0.8660254037844386,0.5000000000000001,41.3066,161.1462,166.35604280578448,0.6615969581749049,-88,3552.8999999999996,39,2118.88,865,1,0,0
2024-02-21 23:20:41,Truck_6,-23.1011,-54.5176,186,Delayed,24.0,67.3,Detour,44,352,9,,85.7,262,1,2,21,23,2,0,0,0,-0.25881904510252157,0.9659258262890681,0.8660254037844386,0.5000000000000001,23.1011,54.5176,59.210045861914345,0.7072243346007605,-76,3770.8,44,1615.1999999999998,3168,0,1,0
2024-09-24 22:17:10,Truck_10,-17.6088,-41.4304,109,Delivered,26.9,75.3,Detour,26,314,7,,93.3,176,0,9,24,22,1,0,0,0,-0.5000000000000004,0.8660254037844384,-1.0,-1.8369701987210297e-16,17.6088,41.4304,45.01719539909166,0.615819209039548,-67,2425.7999999999997,26,2025.5699999999997,2198,0,1,0
2024-03-30 10:22:10,Truck_4,-72.4492,131.8524,483,In Transit,21.9,71.9,Detour,59,226,10,Mechanical Failure,69.2,152,0,3,30,10,5,1,0,1,0.49999999999999994,-0.8660254037844387,1.0,6.123233995736766e-17,72.4492,131.8524,150.44581073064145,3.156862745098039,331,4082.8,59,1574.6100000000001,2260,0,1,0
2024-12-15 07:37:03,Truck_2,27.3601,-105.0457,100,Delayed,27.5,68.6,Clear,49,464,3,,61.7,149,1,12,15,7,6,1,0,0,0.9659258262890683,-0.25881904510252063,-2.4492935982947064e-16,1.0,27.3601,105.0457,108.55033008010615,0.6666666666666666,-49,3023.3,0,1886.4999999999998,1392,0,0,1
2024-03-26 22:29:16,Truck_1,-86.5291,-36.5789,128,Delivered,28.9,63.7,Clear,56,140,1,Weather,72.8,127,0,3,26,22,1,0,0,0,-0.5000000000000004,0.8660254037844384,1.0,6.123233995736766e-17,86.5291,36.5789,93.94307357128571,1.0,1,4076.7999999999997,0,1840.93,140,0,0,1
2024-05-09 18:49:33,Truck_10,10.2078,36.857,100,In Transit,21.9,72.1,Detour,22,413,1,Weather,67.5,145,0,5,9,18,3,0,0,0,-1.0,-1.8369701987210297e-16,0.49999999999999994,-0.8660254037844387,10.2078,36.857,38.244445738433704,0.684931506849315,-45,1485.0,22,1578.9899999999998,413,0,1,0
2024-11-19 09:57:01,Truck_6,-42.6759,-7.9818,468,Delayed,28.6,65.1,Heavy,45,419,8,,76.1,119,1,11,19,9,1,0,0,1,0.7071067811865476,-0.7071067811865475,-0.5000000000000004,0.8660254037844384,42.6759,7.9818,43.41591381106702,3.9,349,3424.4999999999995,45,1861.86,3352,1,0,0
2024-11-26 17:09:09,Truck_8,36.2494,143.1951,243,In Transit,27.7,74.8,Detour,28,311,9,,97.5,272,0,11,26,17,1,0,0,1,-0.9659258262890683,-0.25881904510252063,-0.5000000000000004,0.8660254037844384,36.2494,143.1951,147.71207013771757,0.8901098901098901,-29,2730.0,28,2071.96,2799,0,1,0
2024-06-05 19:19:16,Truck_3,-22.1005,-38.8449,484,Delivered,29.1,54.7,Detour,48,320,7,Weather,84.6,118,0,6,5,19,2,0,0,0,-0.9659258262890684,0.2588190451025203,1.2246467991473532e-16,-1.0,22.1005,38.8449,44.691815316229885,4.067226890756302,366,4060.7999999999997,48,1591.7700000000002,2240,0,1,0
2024-07-08 04:26:39,Truck_6,47.2803,32.1356,300,Delivered,22.4,54.3,Heavy,23,323,5,Weather,65.5,230,1,7,8,4,0,0,1,0,0.8660254037844386,0.5000000000000001,-0.4999999999999997,-0.8660254037844388,47.2803,32.1356,57.167504366116944,1.2987012987012987,70,1506.5,23,1216.32,1615,1,0,0
2024-04-01 03:56:41,Truck_10,-25.4692,-70.7603,396,Delivered,21.9,67.4,Detour,24,238,3,Weather,60.4,117,0,4,1,3,0,0,1,0,0.7071067811865475,0.7071067811865476,0.8660254037844387,-0.4999999999999998,25.4692,70.7603,75.20438953099746,3.3559322033898304,279,1449.6,24,1476.06,714,0,1,0
2024-02-11 04:52:58,Truck_4,20.1451,158.7402,135,Delivered,26.8,79.1,Detour,57,173,7,Mechanical Failure,81.3,115,0,2,11,4,6,1,1,0,0.8660254037844386,0.5000000000000001,0.8660254037844386,0.5000000000000001,20.1451,158.7402,160.0133624109249,1.1637931034482758,20,4634.099999999999,57,2119.88,1211,0,1,0
2024-08-23 00:05:52,Truck_8,-29.2726,149.6329,236,Delivered,21.9,51.9,Detour,21,233,6,Mechanical Failure,72.0,115,0,8,23,0,4,0,1,0,0.0,1.0,-0.8660254037844384,-0.5000000000000004,29.2726,149.6329,152.46930797104707,2.0344827586206895,121,1512.0,21,1136.61,1398,0,1,0
2024-11-04 00:29:20,Truck_1,-82.3942,179.9237,294,Delivered,27.6,79.7,Heavy,24,181,5,Weather,88.2,191,1,11,4,0,0,0,1,0,0.0,1.0,-0.5000000000000004,0.8660254037844384,82.3942,179.9237,197.8922484973325,1.53125,103,2116.8,24,2199.7200000000003,905,1,0,0
2024-05-04 19:24:30,Truck_4,37.3932,53.447,209,Delayed,29.4,57.8,Detour,34,319,4,Mechanical Failure,85.0,208,1,5,4,19,5,1,0,0,-0.9659258262890684,0.2588190451025203,0.49999999999999994,-0.8660254037844387,37.3932,53.447,65.22908258775375,1.0,1,2890.0,34,1699.32,1276,0,1,0
2024-11-13 04:19:12,Truck_4,-3.4094,-85.8774,378,Delayed,28.2,70.2,Clear,60,490,9,Traffic,66.8,166,1,11,13,4,2,0,1,0,0.8660254037844386,0.5000000000000001,-0.5000000000000004,0.8660254037844384,3.4094,85.8774,85.94505127766227,2.2634730538922154,212,4008.0,0,1979.64,4410,0,0,1
2024-02-13 19:17:18,Truck_1,-60.2782,-7.5464,355,Delayed,22.5,74.0,Clear,20,321,3,Weather,90.6,252,1,2,13,19,1,0,0,0,-0.9659258262890684,0.2588190451025203,0.8660254037844386,0.5000000000000001,60.2782,7.5464,60.7487411244052,1.4031620553359683,103,1812.0,0,1665.0,963,0,0,1
2024-06-28 07:17:35,Truck_9,-1.8123,-156.207,474,Delayed,29.2,66.1,Heavy,26,318,5,Weather,96.2,110,1,6,28,7,4,0,0,0,0.9659258262890683,-0.25881904510252063,1.2246467991473532e-16,-1.0,1.8123,156.207,156.21751271957314,4.27027027027027,364,2501.2000000000003,26,1930.12,1590,1,0,0
2024-12-15 22:06:59,Truck_6,45.553,20.9015,218,Delivered,19.5,67.9,Detour,27,257,10,Mechanical Failure,62.2,150,0,12,15,22,6,1,0,0,-0.5000000000000004,0.8660254037844384,-2.4492935982947064e-16,1.0,45.553,20.9015,50.11934268573361,1.4437086092715232,68,1679.4,27,1324.0500000000002,2570,0,1,0
2024-06-30 14:22:40,Truck_2,-28.382,-47.8231,357,In Transit,29.3,73.2,Clear,22,229,7,Mechanical Failure,94.3,131,0,6,30,14,6,1,0,1,-0.4999999999999997,-0.8660254037844388,1.2246467991473532e-16,-1.0,28.382,47.8231,55.611031438105876,2.7045454545454546,226,2074.6,0,2144.76,1603,0,0,1
2024-12-05 16:36:07,Truck_5,-71.0852,-12.9187,255,Delayed,27.4,59.6,Clear,20,497,3,Traffic,98.4,277,1,12,5,16,3,0,0,1,-0.8660254037844384,-0.5000000000000004,-2.4492935982947064e-16,1.0,71.0852,12.9187,72.24955687566533,0.9172661870503597,-22,1968.0,0,1633.04,1491,0,0,1
2024-06-13 13:04:28,Truck_2,-35.6424,-106.7595,415,Delayed,22.2,65.8,Heavy,18,287,2,Traffic,61.1,256,1,6,13,13,3,0,0,1,-0.2588190451025208,-0.9659258262890683,1.2246467991473532e-16,-1.0,35.6424,106.7595,112.55208357915903,1.6147859922178989,159,1099.8,18,1460.76,574,1,0,0
2024-03-17 08:20:11,Truck_9,-81.622,-152.0754,353,Delivered,29.5,76.8,Heavy,41,421,8,,97.7,212,1,3,17,8,6,1,0,1,0.8660254037844387,-0.4999999999999998,1.0,6.123233995736766e-17,81.622,152.0754,172.5951278836109,1.6572769953051643,141,4005.7000000000003,41,2265.6,3368,1,0,0
2024-09-21 03:09:39,Truck_8,-22.9111,-154.3594,260,In Transit,23.8,58.4,Clear,49,266,7,Mechanical Failure,77.8,131,0,9,21,3,5,1,1,0,0.7071067811865475,0.7071067811865476,-1.0,-1.8369701987210297e-16,22.9111,154.3594,156.0504497640747,1.9696969696969697,129,3812.2,0,1389.92,1862,0,0,1
2024-02-20 20:52:03,Truck_4,-68.7937,-164.3866,447,Delivered,21.1,75.6,Heavy,51,315,1,Mechanical Failure,64.7,186,1,2,20,20,1,0,0,0,-0.8660254037844386,0.5000000000000001,0.8660254037844386,0.5000000000000001,68.7937,164.3866,178.20080644949394,2.390374331550802,261,3299.7000000000003,51,1595.16,315,1,0,0
2024-11-19 18:03:38,Truck_5,-25.5794,132.2662,483,Delayed,26.6,50.0,Clear,51,466,6,Mechanical Failure,87.9,272,1,11,19,18,1,0,0,0,-1.0,-1.8369701987210297e-16,-0.5000000000000004,0.8660254037844384,25.5794,132.2662,134.7169379358067,1.7692307692307692,211,4482.900000000001,0,1330.0,2796,0,0,1
2024-11-07 16:16:40,Truck_10,49.0465,41.3428,363,Delivered,28.6,75.2,Heavy,19,358,1,Weather,77.4,272,1,11,7,16,3,0,0,1,-0.8660254037844384,-0.5000000000000004,-0.5000000000000004,0.8660254037844384,49.0465,41.3428,64.14659986382755,1.3296703296703296,91,1470.6000000000001,19,2150.7200000000003,358,1,0,0
2024-02-18 14:10:22,Truck_8,-81.6677,-40.8327,313,Delayed,20.5,79.3,Detour,49,229,7,,98.5,126,1,2,18,14,6,1,0,1,-0.4999999999999997,-0.8660254037844388,0.8660254037844386,0.5000000000000001,81.6677,40.8327,91.30675009318861,2.4645669291338583,187,4826.5,49,1625.6499999999999,1603,0,1,0
2024-03-03 00:53:07,Truck_10,-69.6887,-34.4563,289,Delivered,19.3,68.6,Clear,33,149,4,,74.3,220,0,3,3,0,6,1,1,0,0.0,1.0,1.0,6.123233995736766e-17,69.6887,34.4563,77.7415687864607,1.3076923076923077,69,2451.9,0,1323.98,596,0,0,1
2024-06-02 09:09:21,Truck_4,-49.1811,-94.1515,171,Delivered,21.3,66.1,Clear,57,125,8,,98.9,249,0,6,2,9,6,1,0,1,0.7071067811865476,-0.7071067811865475,1.2246467991473532e-16,-1.0,49.1811,94.1515,106.22281087158257,0.684,-78,5637.3,0,1407.9299999999998,1000,0,0,1
2024-01-25 12:09:42,Truck_6,12.8172,76.1408,401,In Transit,25.7,71.4,Clear,30,494,4,Weather,81.1,175,0,1,25,12,3,0,0,1,1.2246467991473532e-16,-1.0,0.49999999999999994,0.8660254037844387,12.8172,76.1408,77.21205890584709,2.278409090909091,226,2433.0,0,1834.98,1976,0,0,1
2024-10-04 16:19:17,Truck_9,20.1146,19.7583,376,Delivered,25.1,54.1,Clear,55,305,5,Mechanical Failure,83.2,158,0,10,4,16,4,0,0,1,-0.8660254037844384,-0.5000000000000004,-0.8660254037844386,0.5000000000000001,20.1146,19.7583,28.195523617233995,2.3647798742138364,218,4576.0,0,1357.91,1525,0,0,1
2024-11-02 12:07:34,Truck_3,84.1317,-144.784,371,Delayed,26.2,58.5,Heavy,46,168,10,Traffic,69.5,162,1,11,2,12,5,1,0,1,1.2246467991473532e-16,-1.0,-0.5000000000000004,0.8660254037844384,84.1317,144.784,167.45312657842493,2.276073619631902,209,3197.0,46,1532.7,1680,1,0,0
2024-04-22 01:56:59,Truck_4,-53.9329,30.3236,496,In Transit,23.4,71.6,Clear,15,451,3,Weather,76.3,235,0,4,22,1,0,0,1,0,0.25881904510252074,0.9659258262890683,0.8660254037844387,-0.4999999999999998,53.9329,30.3236,61.873083157137074,2.1016949152542375,261,1144.5,0,1675.4399999999998,1353,0,0,1
2024-04-15 22:28:46,Truck_2,31.8571,-83.1698,149,In Transit,20.9,68.1,Detour,39,274,9,Traffic,71.8,138,0,4,15,22,0,0,0,0,-0.5000000000000004,0.8660254037844384,0.8660254037844387,-0.4999999999999998,31.8571,83.1698,89.0622841187559,1.0719424460431655,11,2800.2,39,1423.2899999999997,2466,0,1,0
2024-01-19 14:28:30,Truck_6,67.7302,-70.1861,166,In Transit,29.4,59.5,Heavy,40,210,4,Traffic,82.9,246,1,1,19,14,4,0,0,1,-0.4999999999999997,-0.8660254037844388,0.49999999999999994,0.8660254037844387,67.7302,70.1861,97.53701156612294,0.6720647773279352,-80,3316.0,40,1749.3,840,1,0,0
2024-09-22 12:19:08,Truck_9,73.3723,93.2464,369,Delayed,28.0,52.3,Detour,35,481,5,Mechanical Failure,73.4,179,1,9,22,12,6,1,0,1,1.2246467991473532e-16,-1.0,-1.0,-1.8369701987210297e-16,73.3723,93.2464,118.65237258584422,2.05,190,2569.0,35,1464.3999999999999,2405,0,1,0
2024-11-01 23:47:02,Truck_5,68.2361,-85.9216,409,In Transit,22.0,68.1,Clear,18,423,10,Weather,62.8,282,0,11,1,23,4,0,0,0,-0.25881904510252157,0.9659258262890681,-0.5000000000000004,0.8660254037844384,68.2361,85.9216,109.72094918369052,1.4452296819787986,127,1130.3999999999999,0,1498.1999999999998,4230,0,0,1
2024-05-13 14:10:55,Truck_8,40.5478,147.0261,494,Delayed,19.2,58.4,Clear,52,231,10,Weather,89.5,201,1,5,13,14,0,0,0,1,-0.4999999999999997,-0.8660254037844388,0.49999999999999994,-0.8660254037844387,40.5478,147.0261,152.51491129083087,2.4455445544554455,293,4654.0,0,1121.28,2310,0,0,1
2024-02-17 07:36:46,Truck_6,-36.4299,58.0595,238,Delayed,23.8,79.4,Detour,33,416,5,Weather,88.2,102,1,2,17,7,5,1,0,0,0.9659258262890683,-0.25881904510252063,0.8660254037844386,0.5000000000000001,36.4299,58.0595,68.5422727538269,2.3106796116504853,136,2910.6,33,1889.7200000000003,2080,0,1,0
2024-11-23 19:33:59,Truck_8,83.2003,-119.0412,422,In Transit,19.2,54.5,Clear,18,437,3,,73.5,103,0,11,23,19,5,1,0,0,-0.9659258262890684,0.2588190451025203,-0.5000000000000004,0.8660254037844384,83.2003,119.0412,145.23462816260454,4.0576923076923075,319,1323.0,0,1046.3999999999999,1311,0,0,1
2024-09-23 10:32:15,Truck_9,74.5816,-19.6986,132,In Transit,28.2,57.2,Clear,23,401,6,,93.6,154,0,9,23,10,0,0,0,1,0.49999999999999994,-0.8660254037844387,-1.0,-1.8369701987210297e-16,74.5816,19.6986,77.13915931950515,0.8516129032258064,-22,2152.7999999999997,0,1613.04,2406,0,0,1
2024-08-25 22:32:25,Truck_1,-64.7094,137.791,189,Delayed,25.2,70.0,Clear,10,360,6,Mechanical Failure,81.9,191,1,8,25,22,6,1,0,0,-0.5000000000000004,0.8660254037844384,-0.8660254037844384,-0.5000000000000004,64.7094,137.791,152.22899240735975,0.984375,-2,819.0,0,1764.0,2160,0,0,1
2024-09-27 06:23:53,Truck_1,-59.602,62.712,255,Delivered,28.5,72.2,Clear,60,419,2,Traffic,68.4,246,0,9,27,6,4,0,0,0,1.0,6.123233995736766e-17,-1.0,-1.8369701987210297e-16,59.602,62.712,86.51701189939467,1.0323886639676114,9,4104.0,0,2057.7000000000003,838,0,0,1
2024-05-09 04:02:20,Truck_7,-68.3712,-65.9802,107,Delayed,21.9,74.1,Heavy,51,413,1,Weather,84.9,257,1,5,9,4,3,0,1,0,0.8660254037844386,0.5000000000000001,0.49999999999999994,-0.8660254037844387,68.3712,65.9802,95.01582911010144,0.41472868217054265,-150,4329.900000000001,51,1622.7899999999997,413,1,0,0
2024-05-27 10:59:49,Truck_6,3.8431,91.0078,274,Delayed,19.3,51.4,Heavy,57,279,10,,75.3,127,1,5,27,10,0,0,0,1,0.49999999999999994,-0.8660254037844387,0.49999999999999994,-0.8660254037844387,3.8431,91.0078,91.08890754888874,2.140625,147,4292.099999999999,57,992.02,2790,1,0,0
2024-02-23 18:39:32,Truck_4,76.3946,105.7941,206,Delayed,21.9,68.6,Heavy,42,100,7,Traffic,63.3,116,1,2,23,18,4,0,0,0,-1.0,-1.8369701987210297e-16,0.8660254037844386,0.5000000000000001,76.3946,105.7941,130.49339639985618,1.7606837606837606,90,2658.6,42,1502.3399999999997,700,1,0,0
2024-07-28 22:29:33,Truck_5,-46.1871,9.4679,270,In Transit,26.7,72.2,Heavy,35,107,10,Traffic,90.8,158,1,7,28,22,6,1,0,0,-0.5000000000000004,0.8660254037844384,-0.4999999999999997,-0.8660254037844388,46.1871,9.4679,47.14752736697864,1.6981132075471699,112,3178.0,35,1927.74,1070,1,0,0
2024-03-05 10:30:30,Truck_10,-10.8849,86.0812,277,In Transit,23.7,72.1,Clear,12,195,5,Traffic,64.5,130,0,3,5,10,1,0,0,1,0.49999999999999994,-0.8660254037844387,1.0,6.123233995736766e-17,10.8849,86.0812,86.76666434437824,2.114503816793893,147,774.0,0,1708.7699999999998,975,0,0,1
2024-01-06 21:16:03,Truck_4,-67.7619,176.4012,454,Delayed,21.0,77.3,Clear,15,112,10,Weather,73.2,237,1,1,6,21,5,1,0,0,-0.7071067811865477,0.7071067811865474,0.49999999999999994,0.8660254037844387,67.7619,176.4012,188.96840596525652,1.9075630252100841,217,1098.0,0,1623.3,1120,0,0,1
2024-09-14 16:45:31,Truck_2,-22.1101,-65.135,197,In Transit,27.3,71.3,Detour,24,460,9,,64.7,162,0,9,14,16,5,1,0,1,-0.8660254037844384,-0.5000000000000004,-1.0,-1.8369701987210297e-16,22.1101,65.135,68.78535270688086,1.2085889570552146,35,1552.8000000000002,24,1946.49,4140,0,1,0
2024-11-03 23:16:49,Truck_5,75.1113,-136.48,182,Delivered,19.7,72.3,Clear,50,428,3,,63.3,280,0,11,3,23,6,1,0,0,-0.25881904510252157,0.9659258262890681,-0.5000000000000004,0.8660254037844384,75.1113,136.48,155.78349651901513,0.6476868327402135,-98,3165.0,0,1424.31,1284,0,0,1
2024-03-19 21:36:22,Truck_6,-69.343,131.9033,171,Delivered,25.1,76.5,Heavy,55,309,3,Traffic,94.6,112,1,3,19,21,1,0,0,0,-0.7071067811865477,0.7071067811865474,1.0,6.123233995736766e-17,69.343,131.9033,149.01990538142883,1.5132743362831858,59,5203.0,55,1920.15,927,1,0,0
2024-02-01 18:55:10,Truck_3,35.6522,-84.7025,159,Delivered,26.9,69.5,Clear,32,272,7,,69.7,278,0,2,1,18,3,0,0,0,-1.0,-1.8369701987210297e-16,0.8660254037844386,0.5000000000000001,35.6522,84.7025,91.89990680675362,0.5698924731182796,-119,2230.4,0,1869.55,1904,0,0,1
2024-04-18 12:04:40,Truck_8,-86.157,-92.4652,378,Delayed,29.5,61.7,Detour,13,305,8,Mechanical Failure,98.5,211,1,4,18,12,3,0,0,1,1.2246467991473532e-16,-1.0,0.8660254037844387,-0.4999999999999998,86.157,92.4652,126.3837088395494,1.7830188679245282,167,1280.5,13,1820.15,2440,0,1,0
2024-05-26 14:30:07,Truck_1,25.1355,-2.6802,469,In Transit,26.2,65.0,Clear,19,477,2,Mechanical Failure,96.9,206,0,5,26,14,6,1,0,1,-0.4999999999999997,-0.8660254037844388,0.49999999999999994,-0.8660254037844387,25.1355,2.6802,25.27799106515389,2.2657004830917873,263,1841.1000000000001,0,1703.0,954,0,0,1
2024-07-29 16:54:53,Truck_8,12.0938,96.8996,106,In Transit,27.0,56.8,Detour,31,120,4,Weather,95.7,286,0,7,29,16,0,0,0,1,-0.8660254037844384,-0.5000000000000004,-0.4999999999999997,-0.8660254037844388,12.0938,96.8996,97.6513823691196,0.3693379790940767,-180,2966.7000000000003,31,1533.6,480,0,1,0
2024-12-09 13:41:26,Truck_3,-77.0862,137.9042,486,In Transit,21.7,76.0,Clear,42,282,9,Mechanical Failure,80.5,139,0,12,9,13,0,0,0,1,-0.2588190451025208,-0.9659258262890683,-2.4492935982947064e-16,1.0,77.0862,137.9042,157.9868684672242,3.4714285714285715,347,3381.0,0,1649.2,2538,0,0,1
2024-09-14 09:03:54,Truck_2,-17.1205,-47.0657,248,In Transit,26.3,53.7,Detour,40,146,10,Weather,71.7,246,0,9,14,9,5,1,0,1,0.7071067811865476,-0.7071067811865475,-1.0,-1.8369701987210297e-16,17.1205,47.0657,50.08284772993644,1.0040485829959513,2,2868.0,40,1412.3100000000002,1460,0,1,0
2024-12-01 01:52:30,Truck_3,-52.8874,162.7464,157,In Transit,25.4,79.1,Detour,17,311,9,Weather,69.9,233,0,12,1,1,6,1,1,0,0.25881904510252074,0.9659258262890683,-2.4492935982947064e-16,1.0,52.8874,162.7464,171.12412977637024,0.6709401709401709,-76,1188.3000000000002,17,2009.1399999999996,2799,0,1,0
2024-08-19 17:09:24,Truck_6,-3.6578,176.299,235,In Transit,23.2,54.6,Clear,28,467,9,Mechanical Failure,68.2,206,0,8,19,17,0,0,0,1,-0.9659258262890683,-0.25881904510252063,-0.8660254037844384,-0.5000000000000004,3.6578,176.299,176.33694139867575,1.1352657004830917,29,1909.6000000000001,0,1266.72,4203,0,0,1
2024-04-15 18:58:09,Truck_7,-7.6641,-25.3717,170,Delayed,25.4,55.8,Heavy,55,463,10,Weather,60.1,112,1,4,15,18,0,0,0,0,-1.0,-1.8369701987210297e-16,0.8660254037844387,-0.4999999999999998,7.6641,25.3717,26.503991957816467,1.5044247787610618,58,3305.5,55,1417.32,4630,1,0,0
2024-04-12 10:58:21,Truck_6,-82.1416,-91.8925,342,Delivered,25.1,52.4,Clear,24,103,2,Mechanical Failure,88.0,209,0,4,12,10,4,0,0,1,0.49999999999999994,-0.8660254037844387,0.8660254037844387,-0.4999999999999998,82.1416,91.8925,123.25369774091972,1.6285714285714286,133,2112.0,0,1315.24,206,0,0,1
2024-02-23 09:29:19,Truck_3,87.5079,-125.5319,290,In Transit,20.5,51.4,Clear,22,170,4,Mechanical Failure,74.7,147,0,2,23,9,4,0,0,1,0.7071067811865476,-0.7071067811865475,0.8660254037844386,0.5000000000000001,87.5079,125.5319,153.0225162517595,1.9594594594594594,143,1643.4,0,1053.7,680,0,0,1
2024-02-27 05:17:36,Truck_1,-76.8771,94.6166,260,Delayed,22.8,71.7,Heavy,44,393,5,Mechanical Failure,94.1,154,1,2,27,5,1,0,1,0,0.9659258262890683,0.25881904510252074,0.8660254037844386,0.5000000000000001,76.8771,94.6166,121.91140020510798,1.6774193548387097,106,4140.4,44,1634.7600000000002,1965,1,0,0
2024-07-26 19:10:43,Truck_5,89.2765,166.6548,378,Delayed,18.9,55.5,Heavy,35,367,4,Weather,74.4,229,1,7,26,19,4,0,0,0,-0.9659258262890684,0.2588190451025203,-0.4999999999999997,-0.8660254037844388,89.2765,166.6548,189.06114306036025,1.6434782608695653,149,2604.0,35,1048.9499999999998,1468,1,0,0
2024-06-29 05:20:24,Truck_2,-82.8546,7.876,177,Delayed,19.2,70.1,Clear,57,141,4,Weather,86.6,249,1,6,29,5,5,1,1,0,0.9659258262890683,0.25881904510252074,1.2246467991473532e-16,-1.0,82.8546,7.876,83.2280969214123,0.708,-72,4936.2,0,1345.9199999999998,564,0,0,1
2024-04-15 04:40:07,Truck_2,-40.284,-86.8089,310,In Transit,22.8,64.4,Heavy,33,104,2,Mechanical Failure,98.9,110,1,4,15,4,0,0,1,0,0.8660254037844386,0.5000000000000001,0.8660254037844387,-0.4999999999999998,40.284,86.8089,95.70050039163849,2.7927927927927927,200,3263.7000000000003,33,1468.3200000000002,208,1,0,0
2024-07-24 04:09:02,Truck_3,2.2208,-170.2641,132,Delivered,27.5,57.2,Heavy,36,481,5,Traffic,65.2,140,1,7,24,4,2,0,1,0,0.8660254037844386,0.5000000000000001,-0.4999999999999997,-0.8660254037844388,2.2208,170.2641,170.27858262697046,0.9361702127659575,-8,2347.2000000000003,36,1573.0,2405,1,0,0
2024-07-19 01:06:21,Truck_8,54.8423,175.5701,331,Delayed,25.6,77.8,Heavy,26,213,9,Traffic,90.7,269,1,7,19,1,4,0,1,0,0.25881904510252074,0.9659258262890683,-0.4999999999999997,-0.8660254037844388,54.8423,175.5701,183.93623319862783,1.2259259259259259,62,2358.2000000000003,26,1991.68,1917,1,0,0
2024-04-23 16:50:45,Truck_1,-78.4723,-82.615,294,Delivered,24.4,65.2,Detour,23,439,8,Traffic,65.0,213,0,4,23,16,1,0,0,1,-0.8660254037844384,-0.5000000000000004,0.8660254037844387,-0.4999999999999998,78.4723,82.615,113.94358293598634,1.3738317757009346,81,1495.0,23,1590.8799999999999,3512,0,1,0
2024-06-18 12:57:05,Truck_6,4.8496,-60.7988,277,Delivered,29.3,50.7,Heavy,24,242,2,Mechanical Failure,93.4,271,1,6,18,12,1,0,0,1,1.2246467991473532e-16,-1.0,1.2246467991473532e-16,-1.0,4.8496,60.7988,60.99190685328669,1.0183823529411764,6,2241.6000000000004,24,1485.5100000000002,484,1,0,0
2024-12-17 04:11:19,Truck_5,54.0342,-98.3083,329,Delayed,29.7,77.9,Heavy,33,232,5,Weather,91.9,124,1,12,17,4,1,0,1,0,0.8660254037844386,0.5000000000000001,-2.4492935982947064e-16,1.0,54.0342,98.3083,112.17939480372499,2.632,205,3032.7000000000003,33,2313.63,1160,1,0,0
2024-11-17 04:41:18,Truck_8,41.43,-128.1678,204,Delivered,18.7,68.5,Heavy,27,473,2,Traffic,76.9,217,1,11,17,4,6,1,1,0,0.8660254037844386,0.5000000000000001,-0.5000000000000004,0.8660254037844384,41.43,128.1678,134.6975495576664,0.9357798165137615,-13,2076.3,27,1280.95,946,1,0,0
2024-06-20 11:18:46,Truck_1,-56.0674,82.9431,410,Delivered,28.9,60.3,Clear,32,436,1,,77.2,272,0,6,20,11,3,0,0,1,0.258819045102521,-0.9659258262890682,1.2246467991473532e-16,-1.0,56.0674,82.9431,100.11548921305834,1.5018315018315018,138,2470.4,0,1742.6699999999998,436,0,0,1
2024-06-29 11:16:26,Truck_7,-0.8539,-177.5496,417,Delayed,26.9,70.8,Clear,44,103,7,Mechanical Failure,94.7,181,1,6,29,11,5,1,0,1,0.258819045102521,-0.9659258262890682,1.2246467991473532e-16,-1.0,0.8539,177.5496,177.55165334451266,2.291208791208791,236,4166.8,0,1904.5199999999998,721,0,0,1
2024-07-05 09:14:48,Truck_6,54.5973,-128.4974,324,Delivered,20.7,72.4,Clear,12,173,7,,95.1,243,0,7,5,9,4,0,0,1,0.7071067811865476,-0.7071067811865475,-0.4999999999999997,-0.8660254037844388,54.5973,128.4974,139.61535364726188,1.3278688524590163,81,1141.1999999999998,0,1498.68,1211,0,0,1
2024-07-19 20:10:54,Truck_8,-46.1457,161.0254,218,Delayed,23.8,52.3,Detour,52,389,2,Traffic,79.5,231,1,7,19,20,4,0,0,0,-0.8660254037844386,0.5000000000000001,-0.4999999999999997,-0.8660254037844388,46.1457,161.0254,167.50702992307515,0.9396551724137931,-13,4134.0,52,1244.74,778,0,1,0
2024-08-27 22:26:18,Truck_5,76.8391,140.3011,137,Delayed,23.6,51.7,Detour,24,124,6,Traffic,70.6,279,1,8,27,22,1,0,0,0,-0.5000000000000004,0.8660254037844384,-0.8660254037844384,-0.5000000000000004,76.8391,140.3011,159.964514658783,0.48928571428571427,-142,1694.3999999999999,24,1220.1200000000001,744,0,1,0
2024-06-17 02:43:31,Truck_4,-59.1914,-125.4515,414,Delayed,18.3,76.4,Detour,42,332,10,Traffic,66.3,249,1,6,17,2,0,0,1,0,0.49999999999999994,0.8660254037844387,1.2246467991473532e-16,-1.0,59.1914,125.4515,138.7144573799357,1.656,165,2784.6,42,1398.1200000000001,3320,0,1,0
2024-05-21 02:30:18,Truck_1,-75.6177,-156.976,216,In Transit,26.9,67.2,Detour,35,181,10,Weather,86.2,185,0,5,21,2,1,0,1,0,0.49999999999999994,0.8660254037844387,0.49999999999999994,-0.8660254037844387,75.6177,156.976,174.23978055911917,1.1612903225806452,31,3017.0,35,1807.68,1810,0,1,0
2024-05-08 02:13:49,Truck_8,-24.1694,30.0335,170,Delayed,26.4,51.6,Detour,47,278,3,,96.4,105,1,5,8,2,2,0,1,0,0.49999999999999994,0.8660254037844387,0.49999999999999994,-0.8660254037844387,24.1694,30.0335,38.55088868768138,1.6037735849056605,65,4530.8,47,1362.24,834,0,1,0
2024-05-02 09:49:37,Truck_2,-6.8584,150.6127,154,Delivered,28.6,66.8,Clear,18,384,9,Weather,60.4,263,0,5,2,9,3,0,0,1,0.7071067811865476,-0.7071067811865475,0.49999999999999994,-0.8660254037844387,6.8584,150.6127,150.76877346403663,0.5833333333333334,-109,1087.2,0,1910.48,3456,0,0,1
2024-01-25 20:15:13,Truck_2,-32.2146,166.7941,213,Delivered,25.0,72.7,Detour,51,353,8,,82.6,227,0,1,25,20,3,0,0,0,-0.8660254037844386,0.5000000000000001,0.49999999999999994,0.8660254037844387,32.2146,166.7941,169.876579456881,0.9342105263157895,-14,4212.599999999999,51,1817.5,2824,0,1,0
2024-01-07 12:49:12,Truck_4,-46.3051,-93.1541,276,Delivered,24.9,77.0,Detour,60,467,4,Weather,84.6,292,0,1,7,12,6,1,0,1,1.2246467991473532e-16,-1.0,0.49999999999999994,0.8660254037844387,46.3051,93.1541,104.02811462686421,0.9419795221843004,-16,5076.0,60,1917.3,1868,0,1,0
2024-03-08 10:09:37,Truck_10,-85.0859,41.138,382,In Transit,22.0,77.8,Clear,47,448,5,Weather,81.4,246,0,3,8,10,4,0,0,1,0.49999999999999994,-0.8660254037844387,1.0,6.123233995736766e-17,85.0859,41.138,94.50897006533295,1.5465587044534412,136,3825.8,0,1711.6,2240,0,0,1
2024-12-22 15:01:19,Truck_8,89.1858,-159.3242,383,In Transit,19.1,69.0,Detour,16,238,3,Weather,90.7,290,0,12,22,15,6,1,0,1,-0.7071067811865471,-0.7071067811865479,-2.4492935982947064e-16,1.0,89.1858,159.3242,182.58780799188096,1.3161512027491409,93,1451.2,16,1317.9,714,0,1,0
2024-01-21 13:17:03,Truck_1,1.429,-119.0925,334,Delayed,26.6,74.1,Detour,10,317,3,Traffic,73.0,184,1,1,21,13,6,1,0,1,-0.2588190451025208,-0.9659258262890683,0.49999999999999994,0.8660254037844387,1.429,119.0925,119.10107303148028,1.8054054054054054,150,730.0,10,1971.06,951,0,1,0
2024-06-25 02:35:14,Truck_9,78.3252,15.2758,421,Delayed,26.3,68.8,Heavy,53,128,6,,76.6,100,1,6,25,2,1,0,1,0,0.49999999999999994,0.8660254037844387,1.2246467991473532e-16,-1.0,78.3252,15.2758,79.80092117688868,4.1683168316831685,321,4059.7999999999997,53,1809.44,768,1,0,0
2024-05-27 05:13:33,Truck_2,-9.2287,107.9306,329,Delivered,25.0,51.2,Detour,53,233,5,Mechanical Failure,67.2,188,0,5,27,5,0,0,1,0,0.9659258262890683,0.25881904510252074,0.49999999999999994,-0.8660254037844387,9.2287,107.9306,108.32443547071917,1.7407407407407407,141,3561.6000000000004,53,1280.0,1165,0,1,0
2024-01-27 01:05:38,Truck_10,71.4327,127.3664,284,In Transit,22.1,77.2,Heavy,16,226,4,,95.8,206,1,1,27,1,5,1,1,0,0.25881904510252074,0.9659258262890683,0.49999999999999994,0.8660254037844387,71.4327,127.3664,146.03023823253181,1.3719806763285025,78,1532.8,16,1706.1200000000001,904,1,0,0
2024-01-21 03:11:55,Truck_2,-84.0049,111.8327,184,Delayed,19.2,59.8,Heavy,23,126,4,Mechanical Failure,90.4,200,1,1,21,3,6,1,1,0,0.7071067811865475,0.7071067811865476,0.49999999999999994,0.8660254037844387,84.0049,111.8327,139.869138888105,0.9154228855721394,-16,2079.2000000000003,23,1148.1599999999999,504,1,0,0
2024-08-03 13:26:27,Truck_5,7.0779,-165.136,403,Delivered,20.6,66.1,Clear,15,461,4,,77.1,263,0,8,3,13,5,1,0,1,-0.2588190451025208,-0.9659258262890683,-0.8660254037844384,-0.5000000000000004,7.0779,165.136,165.2876134633506,1.5265151515151516,140,1156.5,0,1361.66,1844,0,0,1
2024-06-05 18:09:34,Truck_6,-86.0858,117.8697,100,In Transit,22.3,72.3,Detour,43,256,5,,92.8,101,0,6,5,18,2,0,0,0,-1.0,-1.8369701987210297e-16,1.2246467991473532e-16,-1.0,86.0858,117.8697,145.95900499705388,0.9803921568627451,-1,3990.4,43,1612.29,1280,0,1,0
2024-10-27 12:09:17,Truck_3,59.2432,175.9873,135,Delayed,18.9,55.5,Heavy,57,162,9,,75.3,127,1,10,27,12,6,1,0,1,1.2246467991473532e-16,-1.0,-0.8660254037844386,0.5000000000000001,59.2432,175.9873,185.69137434875645,1.0546875,8,4292.099999999999,57,1048.9499999999998,1458,1,0,0
2024-10-22 14:28:47,Truck_1,-39.3003,-121.6771,220,In Transit,25.0,79.0,Heavy,51,481,2,Weather,64.3,268,1,10,22,14,1,0,0,1,-0.4999999999999997,-0.8660254037844388,-0.8660254037844386,0.5000000000000001,39.3003,121.6771,127.86645472718793,0.8178438661710037,-48,3279.2999999999997,51,1975.0,962,1,0,0
2024-09-03 09:41:58,Truck_8,-83.672,164.2522,318,In Transit,29.8,51.4,Clear,24,216,3,Weather,83.8,221,0,9,3,9,1,0,0,1,0.7071067811865476,-0.7071067811865475,-1.0,-1.8369701987210297e-16,83.672,164.2522,184.33607565758797,1.4324324324324325,97,2011.1999999999998,0,1531.72,648,0,0,1
2024-01-03 11:20:33,Truck_7,5.9541,-156.4873,237,Delivered,29.2,56.2,Detour,15,251,3,Weather,76.3,198,0,1,3,11,2,0,0,1,0.258819045102521,-0.9659258262890682,0.49999999999999994,0.8660254037844387,5.9541,156.4873,156.60053118715786,1.1909547738693467,39,1144.5,15,1641.04,753,0,1,0
2024-06-11 23:38:53,Truck_2,-16.3804,-119.0546,459,In Transit,27.2,78.5,Heavy,22,323,7,,87.3,271,1,6,11,23,1,0,0,0,-0.25881904510252157,0.9659258262890681,1.2246467991473532e-16,-1.0,16.3804,119.0546,120.17618435164265,1.6875,188,1920.6,22,2135.2,2261,1,0,0
2024-01-04 23:32:40,Truck_6,-27.4913,-1.8571,332,In Transit,21.7,58.9,Heavy,33,363,6,Weather,90.1,131,1,1,4,23,3,0,0,0,-0.25881904510252157,0.9659258262890681,0.49999999999999994,0.8660254037844387,27.4913,1.8571,27.553954273388783,2.515151515151515,201,2973.2999999999997,33,1278.1299999999999,2178,1,0,0
2024-08-02 06:58:21,Truck_8,67.7002,43.853,133,In Transit,28.7,69.5,Detour,57,342,6,Traffic,99.9,261,0,8,2,6,4,0,0,0,1.0,6.123233995736766e-17,-0.8660254037844384,-0.5000000000000004,67.7002,43.853,80.66227550125275,0.5076335877862596,-128,5694.3,57,1994.6499999999999,2052,0,1,0
2024-08-29 02:07:16,Truck_8,30.5045,52.2559,499,Delayed,18.3,75.1,Clear,22,251,1,Mechanical Failure,79.2,139,1,8,29,2,3,0,1,0,0.49999999999999994,0.8660254037844387,-0.8660254037844384,-0.5000000000000004,30.5045,52.2559,60.50788052030909,3.5642857142857145,360,1742.4,0,1374.33,251,0,0,1
2024-02-22 18:02:00,Truck_10,4.8619,61.4224,350,Delivered,25.3,71.2,Detour,19,177,1,,67.0,209,0,2,22,18,3,0,0,0,-1.0,-1.8369701987210297e-16,0.8660254037844386,0.5000000000000001,4.8619,61.4224,61.61452177344234,1.6666666666666667,141,1273.0,19,1801.3600000000001,177,0,1,0
2024-06-21 20:31:34,Truck_7,84.0872,85.2383,186,Delayed,24.1,72.0,Detour,26,131,4,,68.2,189,1,6,21,20,4,0,0,0,-0.8660254037844386,0.5000000000000001,1.2246467991473532e-16,-1.0,84.0872,85.2383,119.73397592467227,0.9789473684210527,-3,1773.2,26,1735.2,524,0,1,0
2024-01-27 15:36:15,Truck_8,11.5213,-168.4741,403,Delivered,23.1,69.3,Detour,24,487,10,Mechanical Failure,69.6,104,0,1,27,15,5,1,0,1,-0.7071067811865471,-0.7071067811865479,0.49999999999999994,0.8660254037844387,11.5213,168.4741,168.86758932518697,3.8380952380952382,299,1670.3999999999999,24,1600.83,4870,0,1,0
2024-06-17 12:40:13,Truck_6,63.7701,163.2651,193,Delayed,22.1,68.2,Heavy,29,231,3,Weather,69.7,198,1,6,17,12,0,0,0,1,1.2246467991473532e-16,-1.0,1.2246467991473532e-16,-1.0,63.7701,163.2651,175.27726187962887,0.9698492462311558,-5,2021.3000000000002,29,1507.2200000000003,693,1,0,0
2024-03-31 14:30:18,Truck_2,57.5757,-35.0439,254,Delivered,24.0,78.6,Heavy,24,108,3,Weather,66.6,219,1,3,31,14,6,1,0,1,-0.4999999999999997,-0.8660254037844388,1.0,6.123233995736766e-17,57.5757,35.0439,67.40204861649235,1.1545454545454545,35,1598.3999999999999,24,1886.3999999999999,324,1,0,0
2024-03-23 08:10:19,Truck_9,-66.6009,-11.7155,368,Delivered,26.1,71.0,Clear,58,336,2,Mechanical Failure,86.5,259,0,3,23,8,5,1,0,1,0.8660254037844387,-0.4999999999999998,1.0,6.123233995736766e-17,66.6009,11.7155,67.62346353936627,1.4153846153846155,109,5017.0,0,1853.1000000000001,672,0,0,1
2024-10-02 15:12:00,Truck_6,18.755,-46.8871,283,Delayed,28.5,50.7,Detour,11,495,10,Weather,88.1,200,1,10,2,15,2,0,0,1,-0.7071067811865471,-0.7071067811865479,-0.8660254037844386,0.5000000000000001,18.755,46.8871,50.49901158844596,1.407960199004975,83,969.0999999999999,11,1444.95,4950,0,1,0
2024-07-28 18:36:05,Truck_10,50.3574,128.5618,164,Delivered,25.5,67.6,Heavy,20,188,7,Mechanical Failure,60.1,268,1,7,28,18,6,1,0,0,-1.0,-1.8369701987210297e-16,-0.4999999999999997,-0.8660254037844388,50.3574,128.5618,138.07245979557254,0.6096654275092936,-104,1202.0,20,1723.8,1316,1,0,0
2024-01-11 15:19:53,Truck_5,46.9009,3.749,419,Delivered,22.1,74.7,Detour,31,236,10,Traffic,95.9,182,0,1,11,15,3,0,0,1,-0.7071067811865471,-0.7071067811865479,0.49999999999999994,0.8660254037844387,46.9009,3.749,47.050498635083564,2.289617486338798,237,2972.9,31,1650.8700000000001,2360,0,1,0
2024-12-28 18:53:31,Truck_9,17.5319,-65.0765,489,Delivered,25.0,69.4,Clear,30,345,8,,66.1,128,0,12,28,18,5,1,0,0,-1.0,-1.8369701987210297e-16,-2.4492935982947064e-16,1.0,17.5319,65.0765,67.39672373238923,3.7906976744186047,361,1982.9999999999998,0,1735.0000000000002,2760,0,0,1
2024-09-07 12:50:16,Truck_2,4.8305,-6.5757,498,Delayed,20.2,55.0,Clear,51,147,8,Weather,97.7,247,1,9,7,12,5,1,0,1,1.2246467991473532e-16,-1.0,-1.0,-1.8369701987210297e-16,4.8305,6.5757,8.159262266896437,2.0080645161290325,251,4982.7,0,1111.0,1176,0,0,1
2024-12-09 11:15:02,Truck_10,38.8917,-38.8032,244,Delayed,21.2,61.8,Detour,24,181,2,Traffic,70.1,238,1,12,9,11,0,0,0,1,0.258819045102521,-0.9659258262890682,-2.4492935982947064e-16,1.0,38.8917,38.8032,54.93862629452979,1.0209205020920502,6,1682.3999999999999,24,1310.1599999999999,362,0,1,0
2024-10-05 18:34:00,Truck_4,-20.0482,-83.6915,488,Delivered,21.5,50.3,Heavy,32,120,1,Mechanical Failure,79.1,111,1,10,5,18,5,1,0,0,-1.0,-1.8369701987210297e-16,-0.8660254037844386,0.5000000000000001,20.0482,83.6915,86.05926734227988,4.357142857142857,377,2531.2,32,1081.45,120,1,0,0
2024-04-22 10:55:19,Truck_9,-83.2534,-166.3309,152,Delayed,21.2,70.3,Clear,10,467,10,,61.5,269,1,4,22,10,0,0,0,1,0.49999999999999994,-0.8660254037844387,0.8660254037844387,-0.4999999999999998,83.2534,166.3309,186.00294864966523,0.562962962962963,-117,615.0,0,1490.36,4670,0,0,1
2024-02-27 21:45:48,Truck_10,-4.8643,75.4304,168,Delayed,23.2,71.5,Clear,23,292,3,Traffic,98.8,102,1,2,27,21,1,0,0,0,-0.7071067811865477,0.7071067811865474,0.8660254037844386,0.5000000000000001,4.8643,75.4304,75.5870799717121,1.6310679611650485,66,2272.4,0,1658.8,876,0,0,1
2024-05-23 22:03:43,Truck_5,46.7637,-146.4348,268,Delivered,23.9,79.2,Clear,41,295,9,Mechanical Failure,69.5,146,0,5,23,22,3,0,0,0,-0.5000000000000004,0.8660254037844384,0.49999999999999994,-0.8660254037844387,46.7637,146.4348,153.72050705332063,1.8231292517006803,122,2849.5,0,1892.8799999999999,2655,0,0,1
2024-01-02 22:19:42,Truck_7,-68.3909,-122.557,341,In Transit,21.3,76.2,Heavy,58,429,3,,78.6,178,1,1,2,22,1,0,0,0,-0.5000000000000004,0.8660254037844384,0.49999999999999994,0.8660254037844387,68.3909,122.557,140.34790148701904,1.905027932960894,163,4558.799999999999,58,1623.0600000000002,1287,1,0,0
2024-09-29 06:31:55,Truck_7,62.3457,-54.2033,166,Delivered,28.9,50.6,Heavy,58,197,3,Traffic,88.8,282,1,9,29,6,6,1,0,0,1.0,6.123233995736766e-17,-1.0,-1.8369701987210297e-16,62.3457,54.2033,82.61346161116843,0.5865724381625441,-116,5150.4,58,1462.34,591,1,0,0
2024-12-18 08:33:58,Truck_7,72.8857,135.9494,483,Delayed,21.4,51.2,Heavy,33,249,2,,67.6,165,1,12,18,8,2,0,0,1,0.8660254037844387,-0.4999999999999998,-2.4492935982947064e-16,1.0,72.8857,135.9494,154.25486904746313,2.9096385542168677,318,2230.7999999999997,33,1095.68,498,1,0,0
2024-08-11 10:28:58,Truck_10,2.2782,-158.4628,232,Delivered,22.3,73.3,Heavy,19,332,4,,78.6,135,1,8,11,10,6,1,0,1,0.49999999999999994,-0.8660254037844387,-0.8660254037844384,-0.5000000000000004,2.2782,158.4628,158.47917585310694,1.7058823529411764,97,1493.3999999999999,19,1634.59,1328,1,0,0
2024-03-24 22:56:32,Truck_3,11.7686,154.6043,392,In Transit,20.7,62.8,Detour,12,417,2,Weather,69.3,109,0,3,24,22,6,1,0,0,-0.5000000000000004,0.8660254037844384,1.0,6.123233995736766e-17,11.7686,154.6043,155.051570532033,3.5636363636363635,283,831.5999999999999,12,1299.9599999999998,834,0,1,0
2024-06-02 00:24:04,Truck_8,-75.598,11.134,480,In Transit,24.9,77.8,Heavy,53,318,3,Mechanical Failure,69.5,181,1,6,2,0,6,1,1,0,0.0,1.0,1.2246467991473532e-16,-1.0,75.598,11.134,76.41350378041828,2.6373626373626373,299,3683.5,53,1937.2199999999998,954,1,0,0
2024-02-02 03:46:54,Truck_3,23.2931,106.0267,368,Delivered,28.0,53.4,Detour,42,182,5,,77.5,205,0,2,2,3,4,0,1,0,0.7071067811865475,0.7071067811865476,0.8660254037844386,0.5000000000000001,23.2931,106.0267,108.55519158704479,1.7864077669902914,163,3255.0,42,1495.2,910,0,1,0
2024-10-02 12:56:46,Truck_6,-11.3114,-139.811,373,In Transit,25.0,62.4,Clear,20,125,1,Mechanical Failure,91.2,160,0,10,2,12,2,0,0,1,1.2246467991473532e-16,-1.0,-0.8660254037844386,0.5000000000000001,11.3114,139.811,140.267827711703,2.3167701863354035,213,1824.0,0,1560.0,125,0,0,1
2024-09-25 12:20:07,Truck_2,9.6491,47.3499,154,Delivered,22.0,53.3,Heavy,50,208,4,,85.0,231,1,9,25,12,2,0,0,1,1.2246467991473532e-16,-1.0,-1.0,-1.8369701987210297e-16,9.6491,47.3499,48.323060342035454,0.6637931034482759,-77,4250.0,50,1172.6,832,1,0,0
2024-02-24 08:11:09,Truck_3,10.9354,-27.3551,184,Delivered,19.2,55.3,Heavy,14,450,3,,86.7,247,1,2,24,8,5,1,0,1,0.8660254037844387,-0.4999999999999998,0.8660254037844386,0.5000000000000001,10.9354,27.3551,29.459878974123434,0.7419354838709677,-63,1213.8,14,1061.76,1350,1,0,0
2024-10-28 10:00:20,Truck_9,84.9482,59.5314,204,Delivered,21.4,61.5,Clear,51,490,5,Mechanical Failure,68.0,288,0,10,28,10,0,0,0,1,0.49999999999999994,-0.8660254037844387,-0.8660254037844386,0.5000000000000001,84.9482,59.5314,103.73130804728146,0.7058823529411765,-84,3468.0,0,1316.1,2450,0,0,1
2024-05-31 23:20:31,Truck_2,49.7212,179.2025,227,Delivered,26.1,65.7,Detour,47,247,8,Traffic,77.8,135,0,5,31,23,4,0,0,0,-0.25881904510252157,0.9659258262890681,0.49999999999999994,-0.8660254037844387,49.7212,179.2025,185.97240046762315,1.6691176470588236,92,3656.6,47,1714.7700000000002,1976,0,1,0
2024-01-22 00:34:19,Truck_5,-28.8968,-117.9471,405,In Transit,28.0,67.7,Clear,48,348,3,Mechanical Failure,78.3,213,0,1,22,0,0,0,1,0,0.0,1.0,0.49999999999999994,0.8660254037844387,28.8968,117.9471,121.43534678441036,1.8925233644859814,192,3758.3999999999996,0,1895.6000000000001,1044,0,0,1
2024-12-19 11:06:09,Truck_7,-55.5154,-163.6943,392,Delivered,27.4,69.0,Detour,31,347,9,Weather,98.0,133,0,12,19,11,3,0,0,1,0.258819045102521,-0.9659258262890682,-2.4492935982947064e-16,1.0,55.5154,163.6943,172.8519120219675,2.925373134328358,259,3038.0,31,1890.6,3123,0,1,0
2024-01-05 22:46:26,Truck_3,16.7636,29.2783,429,In Transit,27.7,75.0,Heavy,12,446,4,,65.7,203,1,1,5,22,4,0,0,0,-0.5000000000000004,0.8660254037844384,0.49999999999999994,0.8660254037844387,16.7636,29.2783,33.737770167128716,2.1029411764705883,226,788.4000000000001,12,2077.5,1784,1,0,0
2024-06-26 08:09:13,Truck_7,-76.307,5.0298,488,Delivered,25.2,63.9,Heavy,19,219,4,Weather,100.0,184,1,6,26,8,2,0,0,1,0.8660254037844387,-0.4999999999999998,1.2246467991473532e-16,-1.0,76.307,5.0298,76.47259075668877,2.637837837837838,304,1900.0,19,1610.28,876,1,0,0
2024-11-27 04:21:18,Truck_1,71.8859,93.4464,420,Delayed,18.4,68.5,Heavy,50,340,10,Weather,76.8,212,1,11,27,4,2,0,1,0,0.8660254037844386,0.5000000000000001,-0.5000000000000004,0.8660254037844384,71.8859,93.4464,117.89746516261494,1.971830985915493,208,3840.0,50,1260.3999999999999,3400,1,0,0
2024-06-06 04:02:08,Truck_1,-9.7179,-117.0145,391,In Transit,25.5,73.7,Detour,31,472,10,Weather,77.2,109,0,6,6,4,3,0,1,0,0.8660254037844386,0.5000000000000001,1.2246467991473532e-16,-1.0,9.7179,117.0145,117.41733598860094,3.5545454545454547,282,2393.2000000000003,31,1879.3500000000001,4720,0,1,0
2024-05-16 20:34:06,Truck_9,-12.2288,-74.7801,212,Delivered,20.6,50.5,Clear,41,498,5,Mechanical Failure,94.1,162,0,5,16,20,3,0,0,0,-0.8660254037844386,0.5000000000000001,0.49999999999999994,-0.8660254037844387,12.2288,74.7801,75.77339180378559,1.3006134969325154,50,3858.1,0,1040.3000000000002,2490,0,0,1
2024-07-14 21:14:08,Truck_4,5.4618,-179.8202,157,Delivered,20.9,77.1,Clear,26,499,4,Traffic,91.4,214,0,7,14,21,6,1,0,0,-0.7071067811865477,0.7071067811865474,-0.4999999999999997,-0.8660254037844388,5.4618,179.8202,179.9031283421164,0.7302325581395349,-57,2376.4,0,1611.3899999999999,1996,0,0,1
2024-11-22 11:31:54,Truck_8,-54.8317,66.4706,399,Delivered,26.3,79.4,Detour,25,476,4,Mechanical Failure,95.6,256,0,11,22,11,4,0,0,1,0.258819045102521,-0.9659258262890682,-0.5000000000000004,0.8660254037844384,54.8317,66.4706,86.16760405889211,1.5525291828793775,143,2390.0,25,2088.2200000000003,1904,0,1,0
2024-11-01 21:31:14,Truck_2,-80.0522,-102.2508,103,Delivered,27.9,53.1,Detour,52,386,1,,97.7,141,0,11,1,21,4,0,0,0,-0.7071067811865477,0.7071067811865474,-0.5000000000000004,0.8660254037844384,80.0522,102.2508,129.8598507063673,0.7253521126760564,-38,5080.400000000001,52,1481.49,386,0,1,0
2024-10-27 15:39:37,Truck_9,-13.0527,-122.0924,333,Delayed,22.1,65.0,Detour,22,243,5,Mechanical Failure,83.2,176,1,10,27,15,6,1,0,1,-0.7071067811865471,-0.7071067811865479,-0.8660254037844386,0.5000000000000001,13.0527,122.0924,122.78813914645828,1.88135593220339,157,1830.4,22,1436.5,1215,0,1,0
2024-02-14 12:20:37,Truck_6,6.3666,136.0794,234,Delivered,27.3,70.1,Detour,45,416,8,,86.9,165,0,2,14,12,2,0,0,1,1.2246467991473532e-16,-1.0,0.8660254037844386,0.5000000000000001,6.3666,136.0794,136.22825220900398,1.4096385542168675,69,3910.5000000000005,45,1913.7299999999998,3328,0,1,0
2024-05-02 11:14:44,Truck_9,83.1243,48.4325,146,Delayed,29.0,55.5,Detour,52,414,10,Mechanical Failure,82.3,228,1,5,2,11,3,0,0,1,0.258819045102521,-0.9659258262890682,0.49999999999999994,-0.8660254037844387,83.1243,48.4325,96.20476239116232,0.6375545851528385,-82,4279.599999999999,52,1609.5,4140,0,1,0
2024-09-02 05:03:25,Truck_7,51.1898,25.5964,109,Delayed,20.7,60.9,Heavy,39,147,9,Traffic,75.0,116,1,9,2,5,0,0,1,0,0.9659258262890683,0.25881904510252074,-1.0,-1.8369701987210297e-16,51.1898,25.5964,57.23260711342792,0.9316239316239316,-7,2925.0,39,1260.6299999999999,1323,1,0,0
2024-12-08 04:35:38,Truck_8,-76.3987,-68.1922,357,Delayed,24.6,73.5,Clear,48,266,10,Traffic,74.4,226,1,12,8,4,6,1,1,0,0.8660254037844386,0.5000000000000001,-2.4492935982947064e-16,1.0,76.3987,68.1922,102.40574936267006,1.5726872246696035,131,3571.2000000000003,0,1808.1000000000001,2660,0,0,1
2024-01-23 05:35:54,Truck_9,70.5541,-150.1626,356,Delivered,19.5,63.1,Clear,16,118,3,,77.8,230,0,1,23,5,1,0,1,0,0.9659258262890683,0.25881904510252074,0.49999999999999994,0.8660254037844387,70.5541,150.1626,165.911685741451,1.5411255411255411,126,1244.8,0,1230.45,354,0,0,1
2024-01-25 11:27:54,Truck_2,-38.2185,104.1667,349,Delivered,19.4,62.7,Detour,19,296,3,,72.3,177,0,1,25,11,3,0,0,1,0.258819045102521,-0.9659258262890682,0.49999999999999994,0.8660254037844387,38.2185,104.1667,110.95654613919812,1.9606741573033708,172,1373.7,19,1216.3799999999999,888,0,1,0
2024-11-08 13:31:56,Truck_1,39.1411,138.1786,159,Delivered,27.1,77.5,Heavy,33,429,9,,77.9,200,1,11,8,13,4,0,0,1,-0.2588190451025208,-0.9659258262890683,-0.5000000000000004,0.8660254037844384,39.1411,138.1786,143.6152889046636,0.7910447761194029,-41,2570.7000000000003,33,2100.25,3861,1,0,0
2024-05-30 01:04:50,Truck_4,-68.8006,159.004,148,Delivered,25.0,60.7,Clear,43,196,4,Mechanical Failure,64.6,240,0,5,30,1,3,0,1,0,0.25881904510252074,0.9659258262890683,0.49999999999999994,-0.8660254037844387,68.8006,159.004,173.25066977175007,0.6141078838174274,-92,2777.7999999999997,0,1517.5,784,0,0,1
2024-05-30 11:30:34,Truck_3,51.1598,-170.9311,354,Delivered,26.9,65.5,Heavy,14,245,4,,73.4,151,1,5,30,11,3,0,0,1,0.258819045102521,-0.9659258262890682,0.49999999999999994,-0.8660254037844387,51.1598,170.9311,178.42299762992997,2.3289473684210527,203,1027.6000000000001,14,1761.9499999999998,980,1,0,0
2024-03-02 23:49:21,Truck_8,-29.5867,41.0612,214,Delivered,21.5,69.1,Heavy,49,417,10,Traffic,76.7,249,1,3,2,23,5,1,0,0,-0.25881904510252157,0.9659258262890681,1.0,6.123233995736766e-17,29.5867,41.0612,50.61022586720988,0.856,-35,3758.3,49,1485.6499999999999,4170,1,0,0
2024-08-29 11:52:35,Truck_8,-51.3412,-112.1636,307,Delayed,21.0,52.8,Clear,21,475,4,,82.8,107,1,8,29,11,3,0,0,1,0.258819045102521,-0.9659258262890682,-0.8660254037844384,-0.5000000000000004,51.3412,112.1636,123.35555108060602,2.8425925925925926,200,1738.8,0,1108.8,1900,0,0,1
2024-05-26 01:53:03,Truck_1,-49.5057,174.3533,385,In Transit,24.3,59.4,Clear,37,239,3,,88.3,148,0,5,26,1,6,1,1,0,0.25881904510252074,0.9659258262890683,0.49999999999999994,-0.8660254037844387,49.5057,174.3533,181.24537939870356,2.5838926174496644,237,3267.1,0,1443.42,717,0,0,1
2024-07-24 01:20:43,Truck_8,0.7577,120.0181,490,Delayed,24.0,56.1,Heavy,29,463,6,Mechanical Failure,81.1,134,1,7,24,1,2,0,1,0,0.25881904510252074,0.9659258262890683,-0.4999999999999997,-0.8660254037844388,0.7577,120.0181,120.0204917374529,3.6296296296296298,356,2351.8999999999996,29,1346.4,2778,1,0,0
2024-12-24 10:20:56,Truck_4,-2.2911,64.2731,133,Delayed,19.4,76.0,Detour,36,182,3,,70.5,249,1,12,24,10,1,0,0,1,0.49999999999999994,-0.8660254037844387,-2.4492935982947064e-16,1.0,2.2911,64.2731,64.31392168745427,0.532,-116,2538.0,36,1474.3999999999999,546,0,1,0
2024-02-11 14:40:04,Truck_2,78.4324,125.0181,472,Delivered,24.9,63.2,Detour,36,485,9,,78.9,271,0,2,11,14,6,1,0,1,-0.4999999999999997,-0.8660254037844388,0.8660254037844386,0.5000000000000001,78.4324,125.0181,147.58443921149004,1.7352941176470589,201,2840.4,36,1573.68,4365,0,1,0
2024-04-24 00:54:49,Truck_7,-2.8329,-29.9102,338,In Transit,28.9,55.5,Detour,39,181,2,Mechanical Failure,88.6,143,0,4,24,0,2,0,1,0,0.0,1.0,0.8660254037844387,-0.4999999999999998,2.8329,29.9102,30.044057423224313,2.3472222222222223,195,3455.3999999999996,39,1603.9499999999998,362,0,1,0
2024-01-08 10:20:44,Truck_2,70.0103,-164.1914,172,Delivered,25.5,55.7,Detour,25,259,1,Traffic,65.2,255,0,1,8,10,0,0,0,1,0.49999999999999994,-0.8660254037844387,0.49999999999999994,0.8660254037844387,70.0103,164.1914,178.4944199129205,0.671875,-83,1630.0,25,1420.3500000000001,259,0,1,0
2024-10-25 03:01:44,Truck_2,11.4885,-172.569,187,Delayed,24.8,52.0,Detour,31,231,5,Weather,91.6,234,1,10,25,3,4,0,1,0,0.7071067811865475,0.7071067811865476,-0.8660254037844386,0.5000000000000001,11.4885,172.569,172.95099130461784,0.7957446808510639,-47,2839.6,31,1289.6000000000001,1155,0,1,0
2024-12-12 15:03:51,Truck_8,74.5261,123.6828,439,In Transit,23.5,55.1,Detour,47,454,3,Weather,75.5,196,0,12,12,15,3,0,0,1,-0.7071067811865471,-0.7071067811865479,-2.4492935982947064e-16,1.0,74.5261,123.6828,144.4007430626657,2.228426395939086,243,3548.5,47,1294.8500000000001,1362,0,1,0
2024-11-30 09:16:40,Truck_7,-12.9509,132.4986,159,In Transit,18.1,76.0,Detour,18,202,2,Weather,94.4,197,0,11,30,9,5,1,0,1,0.7071067811865476,-0.7071067811865475,-0.5000000000000004,0.8660254037844384,12.9509,132.4986,133.13002971820447,0.803030303030303,-38,1699.2,18,1375.6000000000001,404,0,1,0
2024-05-13 09:05:25,Truck_7,81.79,-52.7516,362,Delivered,18.3,57.6,Heavy,58,437,8,Mechanical Failure,66.8,123,1,5,13,9,0,0,0,1,0.7071067811865476,-0.7071067811865475,0.49999999999999994,-0.8660254037844387,81.79,52.7516,97.32592358955553,2.9193548387096775,239,3874.3999999999996,58,1054.0800000000002,3496,1,0,0
2024-12-16 06:06:57,Truck_4,47.7175,72.531,163,Delivered,24.6,53.2,Detour,34,473,9,Traffic,72.4,263,0,12,16,6,0,0,0,0,1.0,6.123233995736766e-17,-2.4492935982947064e-16,1.0,47.7175,72.531,86.81996180170779,0.6174242424242424,-100,2461.6000000000004,34,1308.7200000000003,4257,0,1,0
2024-02-14 07:54:59,Truck_7,-21.5329,-145.2581,258,Delayed,19.9,51.9,Heavy,54,237,10,,92.7,271,1,2,14,7,2,0,0,0,0.9659258262890683,-0.25881904510252063,0.8660254037844386,0.5000000000000001,21.5329,145.2581,146.84543369822572,0.9485294117647058,-13,5005.8,54,1032.81,2370,1,0,0
2024-06-25 12:15:28,Truck_9,-4.5863,71.7337,319,Delayed,18.0,63.6,Detour,23,473,7,Weather,83.0,187,1,6,25,12,1,0,0,1,1.2246467991473532e-16,-1.0,1.2246467991473532e-16,-1.0,4.5863,71.7337,71.88016321197387,1.696808510638298,132,1909.0,23,1144.8,3311,0,1,0
2024-08-14 03:59:00,Truck_9,-26.6775,-77.2847,247,Delivered,28.9,60.7,Clear,56,115,10,Mechanical Failure,61.6,270,0,8,14,3,2,0,1,0,0.7071067811865475,0.7071067811865476,-0.8660254037844384,-0.5000000000000004,26.6775,77.2847,81.75948789186488,0.9114391143911439,-23,3449.6,0,1754.23,1150,0,0,1
2024-04-08 19:43:53,Truck_8,-30.6957,29.255,134,In Transit,19.9,67.5,Detour,42,421,5,Mechanical Failure,77.6,183,0,4,8,19,0,0,0,0,-0.9659258262890684,0.2588190451025203,0.8660254037844387,-0.4999999999999998,30.6957,29.255,42.40378548537854,0.7282608695652174,-49,3259.2,42,1343.25,2105,0,1,0
2024-11-07 14:21:51,Truck_4,64.5212,-83.2639,175,In Transit,20.9,58.7,Detour,35,274,9,Mechanical Failure,61.1,240,0,11,7,14,3,0,0,1,-0.4999999999999997,-0.8660254037844388,-0.5000000000000004,0.8660254037844384,64.5212,83.2639,105.33689900813485,0.7261410788381742,-65,2138.5,35,1226.83,2466,0,1,0
2024-01-12 17:01:33,Truck_9,68.181,-84.9051,179,Delayed,24.2,50.2,Clear,31,485,10,,75.8,255,1,1,12,17,4,0,0,1,-0.9659258262890683,-0.25881904510252063,0.49999999999999994,0.8660254037844387,68.181,84.9051,108.89226219989187,0.69921875,-76,2349.7999999999997,0,1214.8400000000001,4850,0,0,1
2024-05-30 08:29:11,Truck_10,-81.2116,13.9727,105,Delayed,27.1,59.8,Clear,36,409,7,Traffic,75.7,290,1,5,30,8,3,0,0,1,0.8660254037844387,-0.4999999999999998,0.49999999999999994,-0.8660254037844387,81.2116,13.9727,82.4048561666726,0.36082474226804123,-185,2725.2000000000003,0,1620.58,2863,0,0,1
2024-05-16 07:34:11,Truck_2,-21.308,-14.9017,277,In Transit,23.5,63.9,Heavy,11,292,8,Weather,67.5,234,1,5,16,7,3,0,0,0,0.9659258262890683,-0.25881904510252063,0.49999999999999994,-0.8660254037844387,21.308,14.9017,26.001760072925833,1.1787234042553192,43,742.5,11,1501.6499999999999,2336,1,0,0
2024-12-08 12:26:38,Truck_5,77.2059,-132.0473,427,Delayed,26.7,63.8,Detour,54,453,6,Weather,86.7,101,1,12,8,12,6,1,0,1,1.2246467991473532e-16,-1.0,-2.4492935982947064e-16,1.0,77.2059,132.0473,152.9615652119839,4.186274509803922,326,4681.8,54,1703.4599999999998,2718,0,1,0
2024-04-16 21:31:53,Truck_3,47.7603,-137.0932,300,Delayed,23.1,78.1,Detour,53,146,4,Weather,73.3,280,1,4,16,21,1,0,0,0,-0.7071067811865477,0.7071067811865474,0.8660254037844387,-0.4999999999999998,47.7603,137.0932,145.1743494641185,1.0676156583629892,20,3884.8999999999996,53,1804.11,584,0,1,0
2024-11-20 14:44:30,Truck_1,-4.7971,56.411,457,Delivered,27.2,69.1,Heavy,55,319,2,Traffic,67.7,132,1,11,20,14,2,0,0,1,-0.4999999999999997,-0.8660254037844388,-0.5000000000000004,0.8660254037844384,4.7971,56.411,56.61460137994438,3.43609022556391,325,3723.5,55,1879.5199999999998,638,1,0,0
2024-08-11 15:40:34,Truck_9,15.5083,115.4388,207,In Transit,19.2,59.7,Detour,56,484,7,Traffic,72.6,285,0,8,11,15,6,1,0,1,-0.7071067811865471,-0.7071067811865479,-0.8660254037844384,-0.5000000000000004,15.5083,115.4388,116.4758512067201,0.7237762237762237,-78,4065.5999999999995,56,1146.24,3388,0,1,0
2024-10-30 12:44:31,Truck_10,-70.6858,54.4683,333,Delivered,27.5,55.8,Heavy,36,141,2,Traffic,67.0,264,1,10,30,12,2,0,0,1,1.2246467991473532e-16,-1.0,-0.8660254037844386,0.5000000000000001,70.6858,54.4683,89.2372009115593,1.2566037735849056,69,2412.0,36,1534.5,282,1,0,0
2024-03-22 11:00:20,Truck_10,-18.4278,101.4997,327,Delayed,22.6,57.4,Detour,38,432,4,Traffic,68.4,171,1,3,22,11,4,0,0,1,0.258819045102521,-0.9659258262890682,1.0,6.123233995736766e-17,18.4278,101.4997,103.15896913468069,1.9011627906976745,156,2599.2000000000003,38,1297.24,1728,0,1,0
2024-05-12 13:40:05,Truck_3,43.7523,149.8334,197,In Transit,20.0,69.6,Detour,42,314,3,Traffic,87.2,201,0,5,12,13,6,1,0,1,-0.2588190451025208,-0.9659258262890683,0.49999999999999994,-0.8660254037844387,43.7523,149.8334,156.09071564590255,0.9752475247524752,-4,3662.4,42,1392.0,942,0,1,0
2024-11-15 08:08:17,Truck_7,18.5151,24.3559,356,Delayed,23.4,72.8,Detour,39,486,9,Mechanical Failure,99.2,282,1,11,15,8,4,0,0,1,0.8660254037844387,-0.4999999999999998,-0.5000000000000004,0.8660254037844384,18.5151,24.3559,30.594424211283986,1.2579505300353357,74,3868.8,39,1703.5199999999998,4374,0,1,0
2024-09-09 03:30:12,Truck_3,49.5864,-154.4224,377,Delivered,18.1,55.0,Detour,59,476,6,Weather,70.2,268,0,9,9,3,0,0,1,0,0.7071067811865475,0.7071067811865476,-1.0,-1.8369701987210297e-16,49.5864,154.4224,162.1884357367072,1.4014869888475836,109,4141.8,59,995.5000000000001,2856,0,1,0
2024-08-21 20:07:08,Truck_6,-51.319,-46.5841,228,Delayed,24.2,59.2,Heavy,26,321,5,Traffic,96.3,132,1,8,21,20,2,0,0,0,-0.8660254037844386,0.5000000000000001,-0.8660254037844384,-0.5000000000000004,51.319,46.5841,69.30886042787026,1.7142857142857142,96,2503.7999999999997,26,1432.64,1605,1,0,0
2024-01-17 03:33:56,Truck_10,-12.9902,176.1206,399,Delivered,23.4,71.7,Heavy,12,239,1,,67.6,156,1,1,17,3,2,0,1,0,0.7071067811865475,0.7071067811865476,0.49999999999999994,0.8660254037844387,12.9902,176.1206,176.5990120028988,2.5414012738853504,243,811.1999999999999,12,1677.78,239,1,0,0
2024-12-02 12:07:59,Truck_3,6.8181,52.3685,157,In Transit,29.8,54.0,Clear,33,151,10,Weather,81.2,192,0,12,2,12,0,0,0,1,1.2246467991473532e-16,-1.0,-2.4492935982947064e-16,1.0,6.8181,52.3685,52.81047509595042,0.8134715025906736,-35,2679.6,0,1609.2,1510,0,0,1
2024-11-18 07:52:13,Truck_10,-3.038,106.5694,327,In Transit,21.2,52.6,Clear,48,209,8,Mechanical Failure,98.6,104,0,11,18,7,0,0,0,0,0.9659258262890683,-0.25881904510252063,-0.5000000000000004,0.8660254037844384,3.038,106.5694,106.6126937112087,3.1142857142857143,223,4732.799999999999,0,1115.12,1672,0,0,1
2024-05-29 06:49:50,Truck_9,-40.8724,-42.3243,213,Delayed,20.2,63.7,Clear,16,248,10,,68.8,136,1,5,29,6,2,0,0,0,1.0,6.123233995736766e-17,0.49999999999999994,-0.8660254037844387,40.8724,42.3243,58.83790829261353,1.5547445255474452,77,1100.8,0,1286.74,2480,0,0,1
2024-11-10 05:49:21,Truck_7,44.6347,-110.6304,226,In Transit,21.4,58.0,Detour,47,348,7,Mechanical Failure,85.7,136,0,11,10,5,6,1,1,0,0.9659258262890683,0.25881904510252074,-0.5000000000000004,0.8660254037844384,44.6347,110.6304,119.2951878671139,1.6496350364963503,90,4027.9,47,1241.1999999999998,2436,0,1,0
2024-11-03 20:21:38,Truck_1,76.5468,-13.5249,334,Delivered,24.2,76.2,Clear,24,402,7,Traffic,71.5,105,0,11,3,20,6,1,0,0,-0.8660254037844386,0.5000000000000001,-0.5000000000000004,0.8660254037844384,76.5468,13.5249,77.732461110208,3.150943396226415,229,1716.0,0,1844.04,2814,0,0,1
2024-09-04 10:45:13,Truck_2,72.8206,90.5169,319,In Transit,25.5,51.7,Detour,32,350,2,,69.7,254,0,9,4,10,2,0,0,1,0.49999999999999994,-0.8660254037844387,-1.0,-1.8369701987210297e-16,72.8206,90.5169,116.17292700956622,1.2509803921568627,65,2230.4,32,1318.3500000000001,700,0,1,0
2024-09-25 21:53:09,Truck_8,81.2554,4.8416,411,In Transit,20.5,77.4,Heavy,51,211,5,Mechanical Failure,76.9,244,1,9,25,21,2,0,0,0,-0.7071067811865477,0.7071067811865474,-1.0,-1.8369701987210297e-16,81.2554,4.8416,81.39951547595354,1.6775510204081632,167,3921.9,51,1586.7,1055,1,0,0
2024-07-24 06:30:18,Truck_6,74.9107,17.8019,208,Delayed,28.8,64.9,Clear,40,437,6,Weather,64.6,185,1,7,24,6,2,0,0,0,1.0,6.123233995736766e-17,-0.4999999999999997,-0.8660254037844388,74.9107,17.8019,76.99688706759515,1.118279569892473,23,2584.0,0,1869.1200000000001,2622,0,0,1
2024-04-02 13:43:06,Truck_5,20.446,149.3776,328,Delivered,22.8,73.6,Clear,12,349,9,Mechanical Failure,93.3,162,0,4,2,13,1,0,0,1,-0.2588190451025208,-0.9659258262890683,0.8660254037844387,-0.4999999999999998,20.446,149.3776,150.77037606161232,2.0122699386503067,166,1119.6,0,1678.08,3141,0,0,1
2024-03-04 06:43:40,Truck_3,-60.7101,-29.4842,219,Delayed,22.9,56.6,Heavy,49,372,6,Mechanical Failure,64.4,300,1,3,4,6,0,0,0,0,1.0,6.123233995736766e-17,1.0,6.123233995736766e-17,60.7101,29.4842,67.49099415218299,0.7275747508305648,-81,3155.6000000000004,49,1296.1399999999999,2232,1,0,0
2024-12-10 12:39:50,Truck_8,74.2314,-113.7355,438,In Transit,25.7,71.2,Detour,21,445,5,Weather,90.4,154,0,12,10,12,1,0,0,1,1.2246467991473532e-16,-1.0,-2.4492935982947064e-16,1.0,74.2314,113.7355,135.81629028290385,2.825806451612903,284,1898.4,21,1829.84,2225,0,1,0
2024-01-05 03:23:06,Truck_9,16.9737,-7.8198,145,In Transit,23.3,70.3,Detour,44,421,2,,93.9,286,0,1,5,3,4,0,1,0,0.7071067811865475,0.7071067811865476,0.49999999999999994,0.8660254037844387,16.9737,7.8198,18.68838579786922,0.5052264808362369,-141,4131.6,44,1637.99,842,0,1,0
2024-01-18 17:13:48,Truck_1,35.8055,-41.1532,299,Delivered,22.4,64.2,Clear,54,303,1,Traffic,88.1,125,0,1,18,17,3,0,0,1,-0.9659258262890683,-0.25881904510252063,0.49999999999999994,0.8660254037844387,35.8055,41.1532,54.54924106245659,2.373015873015873,174,4757.4,0,1438.08,303,0,0,1
2024-05-10 06:01:32,Truck_5,6.7867,-133.6343,356,Delivered,18.9,71.7,Clear,25,368,1,Traffic,66.1,228,0,5,10,6,4,0,0,0,1.0,6.123233995736766e-17,0.49999999999999994,-0.8660254037844387,6.7867,133.6343,133.8065223872887,1.554585152838428,128,1652.4999999999998,0,1355.1299999999999,368,0,0,1
2024-10-26 05:59:54,Truck_3,6.184,36.1898,137,Delivered,22.8,50.6,Detour,24,465,6,Weather,61.3,226,0,10,26,5,5,1,1,0,0.9659258262890683,0.25881904510252074,-0.8660254037844386,0.5000000000000001,6.184,36.1898,36.71434978370174,0.6035242290748899,-89,1471.1999999999998,24,1153.68,2790,0,1,0
2024-04-21 16:13:53,Truck_8,-75.0605,-52.5256,231,Delivered,24.3,57.8,Clear,56,368,7,Weather,87.2,203,0,4,21,16,6,1,0,1,-0.8660254037844384,-0.5000000000000004,0.8660254037844387,-0.4999999999999998,75.0605,52.5256,91.61341231288135,1.1323529411764706,28,4883.2,0,1404.54,2576,0,0,1
2024-09-14 01:51:27,Truck_2,-77.891,-96.7804,336,Delivered,19.7,66.7,Clear,54,163,7,Mechanical Failure,71.4,122,0,9,14,1,5,1,1,0,0.25881904510252074,0.9659258262890683,-1.0,-1.8369701987210297e-16,77.891,96.7804,124.23145215749513,2.731707317073171,214,3855.6000000000004,0,1313.99,1141,0,0,1
2024-05-12 17:51:01,Truck_9,-47.154,6.9021,290,In Transit,27.6,71.8,Heavy,50,460,7,Mechanical Failure,95.9,118,1,5,12,17,6,1,0,1,-0.9659258262890683,-0.25881904510252063,0.49999999999999994,-0.8660254037844387,47.154,6.9021,47.65646546283096,2.436974789915966,172,4795.0,50,1981.68,3220,1,0,0
2024-09-03 09:06:58,Truck_1,76.1715,-0.0071,427,Delayed,23.2,70.1,Heavy,17,320,4,Weather,73.0,162,1,9,3,9,1,0,0,1,0.7071067811865476,-0.7071067811865475,-1.0,-1.8369701987210297e-16,76.1715,0.0071,76.17150033089803,2.6196319018404908,265,1241.0,17,1626.3199999999997,1280,1,0,0
2024-05-06 09:16:38,Truck_9,-85.8283,163.4575,439,Delivered,26.4,71.3,Clear,41,491,7,Traffic,67.4,273,0,5,6,9,0,0,0,1,0.7071067811865476,-0.7071067811865475,0.49999999999999994,-0.8660254037844387,85.8283,163.4575,184.6208314008471,1.602189781021898,166,2763.4,0,1882.32,3437,0,0,1
2024-01-09 08:52:44,Truck_7,6.009,-33.838,461,Delivered,18.6,74.6,Heavy,23,185,4,Traffic,77.8,215,1,1,9,8,1,0,0,1,0.8660254037844387,-0.4999999999999998,0.49999999999999994,0.8660254037844387,6.009,33.838,34.36740206940292,2.134259259259259,246,1789.3999999999999,23,1387.56,740,1,0,0
2024-09-06 03:02:40,Truck_9,3.8184,139.4876,414,Delivered,29.0,70.6,Heavy,25,291,4,Traffic,92.9,154,1,9,6,3,4,0,1,0,0.7071067811865475,0.7071067811865476,-1.0,-1.8369701987210297e-16,3.8184,139.4876,139.53985356277252,2.670967741935484,260,2322.5,25,2047.3999999999999,1164,1,0,0
2024-08-05 16:44:46,Truck_6,66.3417,-154.1243,498,Delayed,23.8,55.9,Detour,16,381,7,,67.2,131,1,8,5,16,0,0,0,1,-0.8660254037844384,-0.5000000000000004,-0.8660254037844384,-0.5000000000000004,66.3417,154.1243,167.79606970778548,3.772727272727273,367,1075.2,16,1330.42,2667,0,1,0
2024-08-16 10:45:59,Truck_4,-61.8623,113.6304,334,Delivered,22.5,57.1,Clear,43,381,6,,73.8,157,0,8,16,10,4,0,0,1,0.49999999999999994,-0.8660254037844387,-0.8660254037844384,-0.5000000000000004,61.8623,113.6304,129.37856068703965,2.1139240506329116,177,3173.4,0,1284.75,2286,0,0,1
2024-07-12 02:46:57,Truck_2,44.502,66.5819,144,Delayed,23.0,70.3,Heavy,54,152,1,Mechanical Failure,84.3,242,1,7,12,2,4,0,1,0,0.49999999999999994,0.8660254037844387,-0.4999999999999997,-0.8660254037844388,44.502,66.5819,80.0848138638656,0.5925925925925926,-98,4552.2,54,1616.8999999999999,152,1,0,0
2024-01-24 08:44:24,Truck_3,-12.2885,38.4287,231,Delivered,28.2,67.2,Clear,50,221,1,,84.8,270,0,1,24,8,2,0,0,1,0.8660254037844387,-0.4999999999999998,0.49999999999999994,0.8660254037844387,12.2885,38.4287,40.34565919575488,0.8523985239852399,-39,4240.0,0,1895.04,221,0,0,1
2024-01-13 21:47:31,Truck_5,-40.8275,-46.7423,324,Delayed,25.5,65.2,Clear,51,233,9,Traffic,90.2,145,1,1,13,21,5,1,0,0,-0.7071067811865477,0.7071067811865474,0.49999999999999994,0.8660254037844387,40.8275,46.7423,62.0622861771946,2.219178082191781,179,4600.2,0,1662.6000000000001,2097,0,0,1
2024-04-16 08:03:32,Truck_6,-76.5757,-52.269,246,Delivered,19.4,56.3,Clear,16,406,9,Weather,65.7,140,0,4,16,8,1,0,0,1,0.8660254037844387,-0.4999999999999998,0.8660254037844387,-0.4999999999999998,76.5757,52.269,92.71400213284937,1.7446808510638299,106,1051.2,0,1092.2199999999998,3654,0,0,1
2024-02-12 03:22:04,Truck_2,-79.279,69.568,283,Delayed,27.7,52.4,Heavy,16,280,8,Traffic,96.0,297,1,2,12,3,0,0,1,0,0.7071067811865475,0.7071067811865476,0.8660254037844386,0.5000000000000001,79.279,69.568,105.47448253013617,0.9496644295302014,-14,1536.0,16,1451.48,2240,1,0,0
2024-05-08 03:54:27,Truck_10,84.3451,-106.877,453,Delayed,21.8,66.4,Clear,48,305,2,Mechanical Failure,68.9,212,1,5,8,3,2,0,1,0,0.7071067811865475,0.7071067811865476,0.49999999999999994,-0.8660254037844387,84.3451,106.877,136.14987705837268,2.1267605633802815,241,3307.2000000000003,0,1447.5200000000002,610,0,0,1
2024-12-07 12:50:56,Truck_10,-19.0721,161.7246,392,Delivered,30.0,72.1,Detour,52,329,4,Traffic,66.6,174,0,12,7,12,5,1,0,1,1.2246467991473532e-16,-1.0,-2.4492935982947064e-16,1.0,19.0721,161.7246,162.8452985000488,2.24,218,3463.2,52,2163.0,1316,0,1,0
2024-11-26 00:36:15,Truck_6,-69.0311,-32.9575,343,In Transit,25.2,72.6,Clear,21,400,9,Weather,87.7,300,0,11,26,0,1,0,1,0,0.0,1.0,-0.5000000000000004,0.8660254037844384,69.0311,32.9575,76.49502973043411,1.1395348837209303,43,1841.7,0,1829.5199999999998,3600,0,0,1
2024-11-05 21:58:32,Truck_9,-48.3633,-36.2936,151,Delayed,22.1,59.7,Clear,58,338,1,Traffic,81.5,248,1,11,5,21,1,0,0,0,-0.7071067811865477,0.7071067811865474,-0.5000000000000004,0.8660254037844384,48.3633,36.2936,60.46680236170919,0.606425702811245,-97,4727.0,0,1319.3700000000001,338,0,0,1
2024-02-28 11:48:48,Truck_7,-36.4104,-4.335,389,In Transit,27.2,59.8,Heavy,20,129,8,Traffic,80.8,164,1,2,28,11,2,0,0,1,0.258819045102521,-0.9659258262890682,0.8660254037844386,0.5000000000000001,36.4104,4.335,36.66755313843562,2.3575757575757574,225,1616.0,20,1626.56,1032,1,0,0
2024-04-16 23:04:14,Truck_2,-39.225,-156.4228,355,Delayed,19.2,62.2,Clear,10,137,2,Traffic,67.0,269,1,4,16,23,1,0,0,0,-0.25881904510252157,0.9659258262890681,0.8660254037844387,-0.4999999999999998,39.225,156.4228,161.26590769545805,1.3148148148148149,86,670.0,0,1194.24,274,0,0,1
2024-11-28 00:36:34,Truck_10,84.0407,-74.7098,493,Delayed,20.7,70.9,Clear,52,478,1,Traffic,62.5,103,1,11,28,0,3,0,1,0,0.0,1.0,-0.5000000000000004,0.8660254037844384,84.0407,74.7098,112.44729197508494,4.740384615384615,390,3250.0,0,1467.63,478,0,0,1
2024-02-09 06:40:41,Truck_9,-68.5324,127.5394,181,Delivered,22.9,70.3,Detour,49,441,7,,94.7,168,0,2,9,6,4,0,0,0,1.0,6.123233995736766e-17,0.8660254037844386,0.5000000000000001,68.5324,127.5394,144.78600899990303,1.0710059171597632,13,4640.3,49,1609.87,3087,0,1,0
2024-05-14 13:25:22,Truck_6,-8.4586,44.4779,342,In Transit,22.6,55.5,Detour,35,119,3,,73.9,199,0,5,14,13,1,0,0,1,-0.2588190451025208,-0.9659258262890683,0.49999999999999994,-0.8660254037844387,8.4586,44.4779,45.275064907407916,1.71,143,2586.5,35,1254.3000000000002,357,0,1,0
2024-08-28 13:33:22,Truck_9,14.0092,-131.9758,376,Delayed,20.5,55.5,Clear,34,315,9,,70.7,297,1,8,28,13,2,0,0,1,-0.2588190451025208,-0.9659258262890683,-0.8660254037844384,-0.5000000000000004,14.0092,131.9758,132.7172538529938,1.261744966442953,79,2403.8,0,1137.75,2835,0,0,1
2024-02-21 02:51:08,Truck_4,3.6602,107.779,464,In Transit,20.8,50.1,Heavy,16,441,7,,91.1,240,1,2,21,2,2,0,1,0,0.49999999999999994,0.8660254037844387,0.8660254037844386,0.5000000000000001,3.6602,107.779,107.84113271400666,1.9253112033195021,224,1457.6,16,1042.0800000000002,3087,1,0,0
2024-10-25 05:54:37,Truck_3,29.342,-68.5682,452,In Transit,26.7,64.1,Clear,36,152,1,,90.1,231,0,10,25,5,4,0,1,0,0.9659258262890683,0.25881904510252074,-0.8660254037844386,0.5000000000000001,29.342,68.5682,74.58251145704334,1.9482758620689655,221,3243.6,0,1711.4699999999998,152,0,0,1
2024-07-18 23:30:52,Truck_9,-20.6524,-102.5762,228,Delivered,28.7,65.0,Heavy,26,271,3,Traffic,66.0,290,1,7,18,23,3,0,0,0,-0.25881904510252157,0.9659258262890681,-0.4999999999999997,-0.8660254037844388,20.6524,102.5762,104.63459481548155,0.7835051546391752,-62,1716.0,26,1865.5,813,1,0,0
2024-02-28 23:27:53,Truck_10,-88.696,117.3902,288,Delivered,27.1,69.4,Heavy,37,144,2,,63.6,126,1,2,28,23,2,0,0,0,-0.25881904510252157,0.9659258262890681,0.8660254037844386,0.5000000000000001,88.696,117.3902,147.1306884101342,2.267716535433071,162,2353.2000000000003,37,1880.7400000000002,288,1,0,0
2024-07-13 15:41:00,Truck_10,-27.0315,40.2451,133,Delayed,18.6,79.4,Clear,14,314,10,Mechanical Failure,98.8,109,1,7,13,15,5,1,0,1,-0.7071067811865471,-0.7071067811865479,-0.4999999999999997,-0.8660254037844388,27.0315,40.2451,48.48061536593776,1.209090909090909,24,1383.2,0,1476.8400000000001,3140,0,0,1
2024-06-21 04:12:55,Truck_6,25.5135,-147.3897,117,In Transit,29.7,63.7,Clear,17,159,8,,77.0,106,0,6,21,4,4,0,1,0,0.8660254037844386,0.5000000000000001,1.2246467991473532e-16,-1.0,25.5135,147.3897,149.58162436723305,1.0934579439252337,11,1309.0,0,1891.89,1272,0,0,1
2024-09-29 17:58:30,Truck_2,68.4014,-52.0862,428,Delayed,28.4,74.2,Clear,54,492,1,,86.2,286,1,9,29,17,6,1,0,1,-0.9659258262890683,-0.25881904510252063,-1.0,-1.8369701987210297e-16,68.4014,52.0862,85.97513450062175,1.4912891986062717,142,4654.8,0,2107.28,492,0,0,1
2024-06-05 07:32:41,Truck_8,-7.1543,-132.8372,381,Delivered,18.0,53.0,Clear,25,398,9,Weather,94.6,100,0,6,5,7,2,0,0,0,0.9659258262890683,-0.25881904510252063,1.2246467991473532e-16,-1.0,7.1543,132.8372,133.0297174030299,3.772277227722772,281,2365.0,0,954.0,3582,0,0,1
2024-12-19 21:28:31,Truck_9,-78.2763,151.3943,166,Delayed,22.5,53.8,Clear,57,442,6,Weather,72.1,284,1,12,19,21,3,0,0,0,-0.7071067811865477,0.7071067811865474,-2.4492935982947064e-16,1.0,78.2763,151.3943,170.43301679598352,0.5824561403508772,-118,4109.7,0,1210.5,2652,0,0,1
2024-04-23 18:51:26,Truck_2,33.9665,-46.5423,225,In Transit,26.1,75.8,Heavy,41,286,3,Mechanical Failure,72.9,224,1,4,23,18,1,0,0,0,-1.0,-1.8369701987210297e-16,0.8660254037844387,-0.4999999999999998,33.9665,46.5423,57.6186498587046,1.0,1,2988.9,41,1978.38,858,1,0,0
2024-02-17 20:09:25,Truck_2,-59.6899,143.0428,364,Delayed,18.8,68.2,Detour,41,373,1,Weather,88.7,215,1,2,17,20,5,1,0,0,-0.8660254037844386,0.5000000000000001,0.8660254037844386,0.5000000000000001,59.6899,143.0428,154.99718318037267,1.6851851851851851,149,3636.7000000000003,41,1282.16,373,0,1,0
2024-07-21 06:13:04,Truck_7,25.7047,150.6302,318,In Transit,25.3,74.6,Clear,32,486,9,Weather,68.1,277,0,7,21,6,6,1,0,0,1.0,6.123233995736766e-17,-0.4999999999999997,-0.8660254037844388,25.7047,150.6302,152.80768552049338,1.143884892086331,41,2179.2,0,1887.3799999999999,4374,0,0,1
2024-04-03 05:24:14,Truck_2,15.4009,52.3537,417,In Transit,20.0,61.0,Heavy,54,300,4,Traffic,74.5,156,1,4,3,5,2,0,1,0,0.9659258262890683,0.25881904510252074,0.8660254037844387,-0.4999999999999998,15.4009,52.3537,54.57194906268238,2.656050955414013,261,4023.0,54,1220.0,1200,1,0,0
2024-10-22 10:43:44,Truck_7,-86.7799,-102.1496,180,Delayed,18.5,52.1,Clear,10,182,5,Mechanical Failure,99.0,279,1,10,22,10,1,0,0,1,0.49999999999999994,-0.8660254037844387,-0.8660254037844386,0.5000000000000001,86.7799,102.1496,134.03466650150625,0.6428571428571429,-99,990.0,0,963.85,910,0,0,1
2024-04-28 12:38:55,Truck_8,40.3406,159.0723,134,Delayed,24.1,68.2,Heavy,35,187,6,Mechanical Failure,99.9,102,1,4,28,12,6,1,0,1,1.2246467991473532e-16,-1.0,0.8660254037844387,-0.4999999999999998,40.3406,159.0723,164.1077714054091,1.3009708737864079,32,3496.5,35,1643.6200000000001,1122,1,0,0
2024-09-28 12:11:17,Truck_8,40.4005,-149.1521,237,In Transit,28.1,75.5,Detour,18,349,2,Weather,90.5,189,0,9,28,12,5,1,0,1,1.2246467991473532e-16,-1.0,-1.0,-1.8369701987210297e-16,40.4005,149.1521,154.52685635403316,1.2473684210526317,48,1629.0,18,2121.55,698,0,1,0
2024-09-09 11:51:15,Truck_5,-85.1352,73.2511,259,Delayed,26.6,53.0,Clear,28,118,4,Traffic,60.2,249,1,9,9,11,0,0,0,1,0.258819045102521,-0.9659258262890682,-1.0,-1.8369701987210297e-16,85.1352,73.2511,112.31084511412956,1.036,10,1685.6000000000001,0,1409.8000000000002,472,0,0,1
2024-10-02 21:49:15,Truck_3,-1.28,1.0168,463,In Transit,19.8,54.5,Heavy,12,408,8,Traffic,71.2,229,1,10,2,21,2,0,0,0,-0.7071067811865477,0.7071067811865474,-0.8660254037844386,0.5000000000000001,1.28,1.0168,1.6347116687660854,2.0130434782608697,234,854.4000000000001,12,1079.1000000000001,3264,1,0,0
2024-05-05 05:42:10,Truck_10,45.2617,-152.3952,290,Delivered,23.7,53.5,Detour,44,237,5,Mechanical Failure,85.8,270,0,5,5,5,6,1,1,0,0.9659258262890683,0.25881904510252074,0.49999999999999994,-0.8660254037844387,45.2617,152.3952,158.97458435212212,1.070110701107011,20,3775.2,44,1267.95,1185,0,1,0
2024-05-21 02:33:29,Truck_8,-14.7713,-117.3565,345,Delayed,21.3,53.6,Clear,35,388,4,Weather,83.5,159,1,5,21,2,1,0,1,0,0.49999999999999994,0.8660254037844387,0.49999999999999994,-0.8660254037844387,14.7713,117.3565,118.28245599386241,2.15625,186,2922.5,0,1141.68,1552,0,0,1
2024-03-15 22:19:21,Truck_6,51.4225,112.3362,165,Delayed,25.6,61.7,Detour,50,149,10,Traffic,62.6,252,1,3,15,22,4,0,0,0,-0.5000000000000004,0.8660254037844384,1.0,6.123233995736766e-17,51.4225,112.3362,123.54632870583407,0.6521739130434783,-87,3130.0,50,1579.5200000000002,1490,0,1,0
2024-02-07 19:45:50,Truck_3,-15.2991,-95.0112,259,In Transit,27.0,79.7,Heavy,15,167,9,Traffic,88.6,147,1,2,7,19,2,0,0,0,-0.9659258262890684,0.2588190451025203,0.8660254037844386,0.5000000000000001,15.2991,95.0112,96.2350798111063,1.75,112,1329.0,15,2151.9,1503,1,0,0
2024-05-11 05:18:46,Truck_7,86.6678,-139.6955,330,Delivered,26.9,62.9,Detour,47,382,6,Weather,90.3,115,0,5,11,5,5,1,1,0,0.9659258262890683,0.25881904510252074,0.49999999999999994,-0.8660254037844387,86.6678,139.6955,164.39629033859006,2.8448275862068964,215,4244.099999999999,47,1692.0099999999998,2292,0,1,0
2024-01-31 05:31:37,Truck_5,44.5442,-73.4346,467,Delivered,19.3,62.1,Detour,39,180,8,Mechanical Failure,63.8,145,0,1,31,5,2,0,1,0,0.9659258262890683,0.25881904510252074,0.49999999999999994,0.8660254037844387,44.5442,73.4346,85.88845225523626,3.1986301369863015,322,2488.2,39,1198.53,1440,0,1,0
2024-11-01 01:28:08,Truck_3,-48.4503,-99.9978,329,In Transit,26.7,56.2,Detour,16,261,9,Traffic,90.7,104,0,11,1,1,4,0,1,0,0.25881904510252074,0.9659258262890683,-0.5000000000000004,0.8660254037844384,48.4503,99.9978,111.11701748575688,3.1333333333333333,225,1451.2,16,1500.54,2349,0,1,0
2024-03-03 04:17:01,Truck_9,-37.3934,31.4093,122,Delivered,22.9,64.0,Heavy,24,409,5,Mechanical Failure,99.7,184,1,3,3,4,6,1,1,0,0.8660254037844386,0.5000000000000001,1.0,6.123233995736766e-17,37.3934,31.4093,48.834521499140344,0.6594594594594595,-62,2392.8,24,1465.6,2045,1,0,0
2024-03-09 00:10:34,Truck_3,34.0712,123.0237,146,In Transit,24.2,69.1,Clear,58,301,2,,82.0,238,0,3,9,0,5,1,1,0,0.0,1.0,1.0,6.123233995736766e-17,34.0712,123.0237,127.65452373938811,0.6108786610878661,-92,4756.0,0,1672.2199999999998,602,0,0,1
2024-04-17 17:28:32,Truck_10,-21.5633,-12.8487,419,Delivered,26.1,62.0,Heavy,19,484,8,,96.4,262,1,4,17,17,2,0,0,1,-0.9659258262890683,-0.25881904510252063,0.8660254037844387,-0.4999999999999998,21.5633,12.8487,25.1010955653334,1.5931558935361216,157,1831.6000000000001,19,1618.2,3872,1,0,0
2024-09-21 10:33:05,Truck_7,-33.3756,7.8261,143,In Transit,20.1,57.0,Detour,41,143,9,,62.1,106,0,9,21,10,5,1,0,1,0.49999999999999994,-0.8660254037844387,-1.0,-1.8369701987210297e-16,33.3756,7.8261,34.280876834906074,1.3364485981308412,37,2546.1,41,1145.7,1287,0,1,0
2024-02-11 10:31:50,Truck_10,-61.849,-123.7835,445,Delivered,19.8,54.1,Clear,39,375,2,Weather,88.3,247,0,2,11,10,6,1,0,1,0.49999999999999994,-0.8660254037844387,0.8660254037844386,0.5000000000000001,61.849,123.7835,138.3750471481401,1.7943548387096775,198,3443.7,0,1071.18,750,0,0,1
2024-06-15 11:59:39,Truck_5,88.5686,-161.7382,450,Delayed,18.7,56.4,Detour,12,140,8,Mechanical Failure,61.9,160,1,6,15,11,5,1,0,1,0.258819045102521,-0.9659258262890682,1.2246467991473532e-16,-1.0,88.5686,161.7382,184.40076530535333,2.7950310559006213,290,742.8,12,1054.6799999999998,1120,0,1,0
2024-08-09 03:00:34,Truck_2,-69.408,-8.1703,451,Delivered,22.5,51.6,Detour,28,421,6,,68.8,107,0,8,9,3,4,0,1,0,0.7071067811865475,0.7071067811865476,-0.8660254037844384,-0.5000000000000004,69.408,8.1703,69.88722534261895,4.175925925925926,344,1926.3999999999999,28,1161.0,2526,0,1,0
2024-07-22 00:56:20,Truck_4,-49.1524,14.1164,425,Delayed,22.4,65.9,Clear,30,452,10,Traffic,91.4,163,1,7,22,0,0,0,1,0,0.0,1.0,-0.4999999999999997,-0.8660254037844388,49.1524,14.1164,51.13933099601519,2.591463414634146,262,2742.0,0,1476.16,4520,0,0,1
2024-08-17 07:37:02,Truck_8,27.787,8.2288,235,Delivered,25.8,62.6,Heavy,51,171,6,Mechanical Failure,87.5,207,1,8,17,7,5,1,0,0,0.9659258262890683,-0.25881904510252063,-0.8660254037844384,-0.5000000000000004,27.787,8.2288,28.979829510195533,1.1298076923076923,28,4462.5,51,1615.0800000000002,1026,1,0,0
2024-12-11 23:47:30,Truck_7,-13.8485,119.2071,181,In Transit,29.7,51.8,Clear,38,388,10,,92.4,292,0,12,11,23,2,0,0,0,-0.25881904510252157,0.9659258262890681,-2.4492935982947064e-16,1.0,13.8485,119.2071,120.0088065212716,0.6177474402730375,-111,3511.2000000000003,0,1538.4599999999998,3880,0,0,1
2024-09-12 00:06:39,Truck_3,25.5003,-47.5718,370,Delivered,23.5,74.4,Heavy,60,105,1,,99.5,128,1,9,12,0,3,0,1,0,0.0,1.0,-1.0,-1.8369701987210297e-16,25.5003,47.5718,53.97537823239408,2.868217054263566,242,5970.0,60,1748.4,105,1,0,0
2024-07-08 14:07:29,Truck_3,69.4106,61.7368,102,Delayed,25.6,76.0,Heavy,50,444,9,Traffic,88.3,105,1,7,8,14,0,0,0,1,-0.4999999999999997,-0.8660254037844388,-0.4999999999999997,-0.8660254037844388,69.4106,61.7368,92.89383115471124,0.9622641509433962,-3,4415.0,50,1945.6000000000001,3996,1,0,0
2024-03-06 13:14:35,Truck_3,-6.8964,-35.5418,200,Delivered,18.5,77.7,Detour,24,158,4,,82.5,234,0,3,6,13,2,0,0,1,-0.2588190451025208,-0.9659258262890683,1.0,6.123233995736766e-17,6.8964,35.5418,36.20469417354606,0.851063829787234,-34,1980.0,24,1437.45,632,0,1,0
2024-10-30 04:55:27,Truck_6,-0.1148,-127.6784,292,In Transit,23.2,68.1,Heavy,41,440,10,Mechanical Failure,88.9,160,1,10,30,4,2,0,1,0,0.8660254037844386,0.5000000000000001,-0.8660254037844386,0.5000000000000001,0.1148,127.6784,127.67845161028542,1.813664596273292,132,3644.9,41,1579.9199999999998,4400,1,0,0
2024-10-07 10:54:40,Truck_5,-41.4279,178.8694,401,In Transit,28.2,51.0,Clear,51,327,3,,85.6,138,0,10,7,10,0,0,0,1,0.49999999999999994,-0.8660254037844387,-0.8660254037844386,0.5000000000000001,41.4279,178.8694,183.60428414056685,2.884892086330935,263,4365.599999999999,0,1438.2,981,0,0,1
2024-06-06 22:52:41,Truck_3,-0.9333,124.8495,305,Delayed,27.4,50.8,Clear,34,474,1,Mechanical Failure,82.0,226,1,6,6,22,3,0,0,0,-0.5000000000000004,0.8660254037844384,1.2246467991473532e-16,-1.0,0.9333,124.8495,124.85298834685535,1.3436123348017621,79,2788.0,0,1391.9199999999998,474,0,0,1
2024-04-20 00:14:34,Truck_3,-58.2175,7.2699,441,In Transit,25.0,75.4,Heavy,58,149,10,Traffic,61.3,247,1,4,20,0,5,1,1,0,0.0,1.0,0.8660254037844387,-0.4999999999999998,58.2175,7.2699,58.66965785020397,1.778225806451613,194,3555.3999999999996,58,1885.0000000000002,1490,1,0,0
2024-08-02 00:10:54,Truck_2,83.3287,-84.2738,130,Delayed,18.7,67.2,Clear,47,367,1,Traffic,81.7,131,1,8,2,0,4,0,1,0,0.0,1.0,-0.8660254037844384,-0.5000000000000004,83.3287,84.2738,118.51474849203368,0.9848484848484849,-1,3839.9,0,1256.64,367,0,0,1
2024-10-03 02:54:03,Truck_6,-33.2637,45.4122,265,In Transit,23.4,56.1,Detour,34,406,6,Mechanical Failure,95.0,133,0,10,3,2,3,0,1,0,0.49999999999999994,0.8660254037844387,-0.8660254037844386,0.5000000000000001,33.2637,45.4122,56.29157704781418,1.9776119402985075,132,3230.0,34,1312.74,2436,0,1,0
2024-09-23 22:37:49,Truck_1,74.3356,112.5528,426,Delivered,26.3,77.7,Detour,58,373,6,Traffic,93.0,125,0,9,23,22,0,0,0,0,-0.5000000000000004,0.8660254037844384,-1.0,-1.8369701987210297e-16,74.3356,112.5528,134.88481832734178,3.380952380952381,301,5394.0,58,2043.5100000000002,2238,0,1,0
2024-02-17 16:11:22,Truck_6,-53.3015,11.4861,432,In Transit,28.0,65.2,Heavy,35,499,8,Weather,97.4,110,1,2,17,16,5,1,0,1,-0.8660254037844384,-0.5000000000000004,0.8660254037844386,0.5000000000000001,53.3015,11.4861,54.525043745603725,3.891891891891892,322,3409.0,35,1825.6000000000001,3992,1,0,0
2024-11-23 04:40:26,Truck_2,-22.5519,60.711,406,Delayed,20.9,76.4,Detour,57,160,9,,73.3,120,1,11,23,4,5,1,1,0,0.8660254037844386,0.5000000000000001,-0.5000000000000004,0.8660254037844384,22.5519,60.711,64.76429351587184,3.355371900826446,286,4178.099999999999,57,1596.76,1440,0,1,0
2024-01-11 20:19:14,Truck_10,61.697,164.5493,410,In Transit,24.5,62.4,Clear,40,172,5,,86.2,225,0,1,11,20,3,0,0,0,-0.8660254037844386,0.5000000000000001,0.49999999999999994,0.8660254037844387,61.697,164.5493,175.73557391572714,1.8141592920353982,185,3448.0,0,1528.8,860,0,0,1
2024-10-28 02:17:22,Truck_5,-75.2867,-163.4,155,In Transit,22.6,77.1,Detour,13,196,7,,83.2,168,0,10,28,2,0,0,1,0,0.49999999999999994,0.8660254037844387,-0.8660254037844386,0.5000000000000001,75.2867,163.4,179.91010865676782,0.9171597633136095,-13,1081.6000000000001,13,1742.46,1372,0,1,0
2024-12-26 05:05:12,Truck_3,87.1386,-114.968,397,Delivered,23.7,73.5,Detour,31,266,1,Mechanical Failure,92.8,265,0,12,26,5,3,0,1,0,0.9659258262890683,0.25881904510252074,-2.4492935982947064e-16,1.0,87.1386,114.968,144.2594074366036,1.4924812030075187,132,2876.7999999999997,31,1741.95,266,0,1,0
2024-03-28 10:24:32,Truck_5,51.2486,-41.4882,305,Delivered,28.0,67.8,Detour,13,455,2,Weather,80.8,147,0,3,28,10,3,0,0,1,0.49999999999999994,-0.8660254037844387,1.0,6.123233995736766e-17,51.2486,41.4882,65.93701343858395,2.060810810810811,158,1050.3999999999999,13,1898.3999999999999,910,0,1,0
2024-04-16 02:44:43,Truck_2,-19.8201,2.4374,343,Delayed,26.2,62.4,Detour,18,166,7,Weather,62.3,168,1,4,16,2,1,0,1,0,0.49999999999999994,0.8660254037844387,0.8660254037844387,-0.4999999999999998,19.8201,2.4374,19.969408673518604,2.029585798816568,175,1121.3999999999999,18,1634.8799999999999,1162,0,1,0
2024-12-08 06:15:28,Truck_6,-13.561,-52.5469,342,In Transit,27.6,71.9,Detour,24,216,2,Traffic,67.5,225,0,12,8,6,6,1,0,0,1.0,6.123233995736766e-17,-2.4492935982947064e-16,1.0,13.561,52.5469,54.2685675194214,1.5132743362831858,117,1620.0,24,1984.4400000000003,432,0,1,0
2024-09-05 17:43:56,Truck_3,51.4883,105.7445,347,In Transit,29.1,80.0,Heavy,25,256,3,Mechanical Failure,69.6,274,1,9,5,17,3,0,0,1,-0.9659258262890683,-0.25881904510252063,-1.0,-1.8369701987210297e-16,51.4883,105.7445,117.61353798411133,1.2618181818181817,73,1739.9999999999998,25,2328.0,768,1,0,0
2024-02-02 22:24:18,Truck_3,21.5738,-95.1501,403,Delivered,29.5,76.6,Heavy,36,379,2,Mechanical Failure,66.7,242,1,2,2,22,4,0,0,0,-0.5000000000000004,0.8660254037844384,0.8660254037844386,0.5000000000000001,21.5738,95.1501,97.565210892254,1.6584362139917694,161,2401.2000000000003,36,2259.7,758,1,0,0
2024-04-30 18:44:12,Truck_9,-31.8174,59.5716,482,Delayed,18.1,76.1,Heavy,54,203,10,Traffic,74.1,112,1,4,30,18,1,0,0,0,-1.0,-1.8369701987210297e-16,0.8660254037844387,-0.4999999999999998,31.8174,59.5716,67.53608272116469,4.265486725663717,370,4001.3999999999996,54,1377.41,2030,1,0,0
2024-05-01 03:13:17,Truck_3,-76.0304,112.9276,130,Delivered,21.6,60.9,Clear,48,479,8,Traffic,83.3,173,0,5,1,3,2,0,1,0,0.7071067811865475,0.7071067811865476,0.49999999999999994,-0.8660254037844387,76.0304,112.9276,136.13693314424268,0.7471264367816092,-43,3998.3999999999996,0,1315.44,3832,0,0,1
2024-01-10 20:02:28,Truck_1,47.5481,-97.4831,465,Delayed,24.0,72.4,Heavy,48,112,8,,97.1,212,1,1,10,20,2,0,0,0,-0.8660254037844386,0.5000000000000001,0.49999999999999994,0.8660254037844387,47.5481,97.4831,108.46094504115294,2.183098591549296,253,4660.799999999999,48,1737.6000000000001,896,1,0,0
2024-10-21 11:15:32,Truck_2,77.8751,144.04,322,Delayed,26.1,71.9,Detour,45,339,8,Weather,97.6,145,1,10,21,11,0,0,0,1,0.258819045102521,-0.9659258262890682,-0.8660254037844386,0.5000000000000001,77.8751,144.04,163.74386339649493,2.2054794520547945,177,4392.0,45,1876.5900000000001,2712,0,1,0
2024-11-25 02:58:57,Truck_1,-56.6674,-50.0426,126,Delivered,20.3,51.2,Detour,53,486,7,Mechanical Failure,97.5,129,0,11,25,2,0,0,1,0,0.49999999999999994,0.8660254037844387,-0.5000000000000004,0.8660254037844384,56.6674,50.0426,75.60063516611484,0.9692307692307692,-3,5167.5,53,1039.3600000000001,3402,0,1,0
2024-12-20 08:01:23,Truck_3,62.0999,-9.5972,142,In Transit,22.7,66.1,Detour,59,343,6,Mechanical Failure,86.7,256,0,12,20,8,4,0,0,1,0.8660254037844387,-0.4999999999999998,-2.4492935982947064e-16,1.0,62.0999,9.5972,62.83712141600695,0.5525291828793775,-114,5115.3,59,1500.4699999999998,2058,0,1,0
2024-06-29 19:07:17,Truck_9,57.9908,-117.5288,444,Delivered,21.6,53.2,Detour,16,113,2,Traffic,96.1,181,0,6,29,19,5,1,0,0,-0.9659258262890684,0.2588190451025203,1.2246467991473532e-16,-1.0,57.9908,117.5288,131.05705518620508,2.4395604395604398,263,1537.6,16,1149.1200000000001,226,0,1,0
2024-12-13 18:57:55,Truck_2,73.1274,-63.9399,100,Delivered,22.4,71.6,Detour,22,389,4,Traffic,73.4,159,0,12,13,18,4,0,0,0,-1.0,-1.8369701987210297e-16,-2.4492935982947064e-16,1.0,73.1274,63.9399,97.13870208505979,0.625,-59,1614.8000000000002,22,1603.8399999999997,1556,0,1,0
2024-11-20 05:25:19,Truck_3,-28.6949,-110.5161,227,In Transit,22.6,58.5,Detour,24,477,10,Weather,89.0,139,0,11,20,5,2,0,1,0,0.9659258262890683,0.25881904510252074,-0.5000000000000004,0.8660254037844384,28.6949,110.5161,114.18058348607262,1.6214285714285714,88,2136.0,24,1322.1000000000001,4770,0,1,0
2024-06-29 09:51:14,Truck_3,-28.9152,114.375,416,Delivered,20.7,69.1,Detour,32,139,6,Mechanical Failure,91.7,221,0,6,29,9,5,1,0,1,0.7071067811865476,-0.7071067811865475,1.2246467991473532e-16,-1.0,28.9152,114.375,117.97342673687156,1.8738738738738738,195,2934.4,32,1430.37,834,0,1,0
2024-12-22 23:33:57,Truck_3,83.9488,131.1197,499,Delayed,25.8,64.0,Detour,46,295,6,Traffic,87.6,160,1,12,22,23,6,1,0,0,-0.25881904510252157,0.9659258262890681,-2.4492935982947064e-16,1.0,83.9488,131.1197,155.6912866846761,3.099378881987578,339,4029.6,46,1651.2,1770,0,1,0
2024-06-23 22:08:31,Truck_6,52.1635,10.8296,328,Delivered,29.8,53.5,Clear,54,144,6,Weather,78.0,158,0,6,23,22,6,1,0,0,-0.5000000000000004,0.8660254037844384,1.2246467991473532e-16,-1.0,52.1635,10.8296,53.27580096450921,2.0628930817610063,170,4212.0,0,1594.3,864,0,0,1
2024-03-29 05:14:26,Truck_1,36.5185,-71.9718,324,Delivered,28.2,56.8,Heavy,10,249,7,,76.7,298,1,3,29,5,4,0,1,0,0.9659258262890683,0.25881904510252074,1.0,6.123233995736766e-17,36.5185,71.9718,80.70651050249911,1.0836120401337792,26,767.0,10,1601.76,1743,1,0,0
2024-04-03 14:11:16,Truck_5,-10.8232,144.0982,401,In Transit,26.3,59.4,Heavy,30,268,7,,67.6,225,1,4,3,14,2,0,0,1,-0.4999999999999997,-0.8660254037844388,0.8660254037844387,-0.4999999999999998,10.8232,144.0982,144.50409302673748,1.7743362831858407,176,2027.9999999999998,30,1562.22,1876,1,0,0
2024-12-15 14:02:28,Truck_1,-37.9195,-99.3768,182,Delayed,22.9,54.4,Detour,50,135,3,,98.4,268,1,12,15,14,6,1,0,1,-0.4999999999999997,-0.8660254037844388,-2.4492935982947064e-16,1.0,37.9195,99.3768,106.36558117403393,0.6765799256505576,-86,4920.0,50,1245.76,405,0,1,0
2024-08-06 13:23:18,Truck_6,-7.2984,-44.5918,264,Delivered,29.5,67.3,Heavy,32,314,8,Traffic,65.9,202,1,8,6,13,1,0,0,1,-0.2588190451025208,-0.9659258262890683,-0.8660254037844384,-0.5000000000000004,7.2984,44.5918,45.18512221738479,1.3004926108374384,62,2108.8,32,1985.35,2512,1,0,0
2024-03-14 02:35:33,Truck_8,13.6845,-126.4199,293,Delivered,23.8,62.8,Detour,19,135,1,Mechanical Failure,98.8,291,0,3,14,2,3,0,1,0,0.49999999999999994,0.8660254037844387,1.0,6.123233995736766e-17,13.6845,126.4199,127.15839200092144,1.0034246575342465,2,1877.2,19,1494.6399999999999,135,0,1,0
2024-08-27 00:34:46,Truck_10,-70.6428,166.3723,343,In Transit,29.5,59.8,Detour,35,294,8,,73.7,256,0,8,27,0,1,0,1,0,0.0,1.0,-0.8660254037844384,-0.5000000000000004,70.6428,166.3723,180.74885172285326,1.3346303501945525,87,2579.5,35,1764.1,2352,0,1,0
2024-04-24 20:50:47,Truck_4,-19.3929,-10.2537,103,In Transit,24.8,79.3,Heavy,22,393,9,Weather,88.6,108,1,4,24,20,2,0,0,0,-0.8660254037844386,0.5000000000000001,0.8660254037844387,-0.4999999999999998,19.3929,10.2537,21.936794070693193,0.944954128440367,-5,1949.1999999999998,22,1966.6399999999999,3537,1,0,0
2024-09-09 21:41:33,Truck_9,-32.5141,-170.9566,295,Delivered,23.6,72.8,Detour,18,327,5,,92.1,283,0,9,9,21,0,0,0,0,-0.7071067811865477,0.7071067811865474,-1.0,-1.8369701987210297e-16,32.5141,170.9566,174.02104982550244,1.0387323943661972,12,1657.8,18,1718.08,1635,0,1,0
2024-06-20 13:57:57,Truck_10,59.3783,74.9628,300,Delivered,27.4,52.8,Detour,35,431,10,,81.2,120,0,6,20,13,3,0,0,1,-0.2588190451025208,-0.9659258262890683,1.2246467991473532e-16,-1.0,59.3783,74.9628,95.63055941868164,2.479338842975207,180,2842.0,35,1446.7199999999998,4310,0,1,0
2024-06-02 10:54:33,Truck_7,-36.2517,72.4728,108,Delivered,27.9,65.6,Heavy,46,138,4,Traffic,82.7,173,1,6,2,10,6,1,0,1,0.49999999999999994,-0.8660254037844387,1.2246467991473532e-16,-1.0,36.2517,72.4728,81.03389718340098,0.6206896551724138,-65,3804.2000000000003,46,1830.2399999999998,552,1,0,0
2024-07-09 23:21:47,Truck_8,-55.9854,-149.8958,153,Delayed,27.5,69.9,Detour,24,118,7,Weather,62.5,237,1,7,9,23,1,0,0,0,-0.25881904510252157,0.9659258262890681,-0.4999999999999997,-0.8660254037844388,55.9854,149.8958,160.00973679998353,0.6428571428571429,-84,1500.0,24,1922.2500000000002,826,0,1,0
2024-07-03 09:52:55,Truck_8,27.3259,-116.2066,336,In Transit,22.5,51.6,Detour,11,446,6,,70.2,275,0,7,3,9,2,0,0,1,0.7071067811865476,-0.7071067811865475,-0.4999999999999997,-0.8660254037844388,27.3259,116.2066,119.37620656717988,1.2173913043478262,61,772.2,11,1161.0,2676,0,1,0
2024-03-14 00:55:34,Truck_4,23.2023,92.2763,144,Delivered,21.1,58.8,Clear,35,443,10,Mechanical Failure,89.0,141,0,3,14,0,3,0,1,0,0.0,1.0,1.0,6.123233995736766e-17,23.2023,92.2763,95.14863250189148,1.0140845070422535,3,3115.0,0,1240.68,4430,0,0,1
2024-11-22 23:49:18,Truck_9,81.1975,137.0497,185,In Transit,19.9,66.3,Detour,59,264,4,,65.2,177,0,11,22,23,4,0,0,0,-0.25881904510252157,0.9659258262890681,-0.5000000000000004,0.8660254037844384,81.1975,137.0497,159.29737686584798,1.0393258426966292,8,3846.8,59,1319.37,1056,0,1,0
2024-04-21 03:47:52,Truck_4,55.919,-39.578,220,In Transit,28.2,55.4,Clear,10,203,8,Weather,81.1,281,0,4,21,3,6,1,1,0,0.7071067811865475,0.7071067811865476,0.8660254037844387,-0.4999999999999998,55.919,39.578,68.50804803087007,0.7801418439716312,-61,811.0,0,1562.28,1624,0,0,1
2024-03-15 07:02:10,Truck_5,-15.3314,22.397,236,In Transit,18.3,69.0,Clear,34,303,2,Mechanical Failure,62.6,270,0,3,15,7,4,0,0,0,0.9659258262890683,-0.25881904510252063,1.0,6.123233995736766e-17,15.3314,22.397,27.141802352828375,0.8708487084870848,-34,2128.4,0,1262.7,606,0,0,1
2024-03-22 14:12:36,Truck_10,-55.3603,79.1276,159,Delayed,29.7,69.6,Clear,49,227,1,,62.0,232,1,3,22,14,4,0,0,1,-0.4999999999999997,-0.8660254037844388,1.0,6.123233995736766e-17,55.3603,79.1276,96.57090606310992,0.6824034334763949,-73,3038.0,0,2067.12,227,0,0,1
2024-09-18 16:35:57,Truck_6,8.3934,-165.2068,433,Delayed,26.4,69.3,Detour,25,127,8,,84.5,125,1,9,18,16,2,0,0,1,-0.8660254037844384,-0.5000000000000004,-1.0,-1.8369701987210297e-16,8.3934,165.2068,165.4198776743593,3.4365079365079363,308,2112.5,25,1829.5199999999998,1016,0,1,0
2024-11-20 19:12:02,Truck_7,27.499,-98.0697,109,In Transit,25.1,76.5,Heavy,16,356,5,,64.9,127,1,11,20,19,2,0,0,0,-0.9659258262890684,0.2588190451025203,-0.5000000000000004,0.8660254037844384,27.499,98.0697,101.8521529428318,0.8515625,-18,1038.4,16,1920.15,1780,1,0,0
2024-04-08 18:13:51,Truck_6,14.687,-33.9771,453,In Transit,25.8,78.6,Detour,21,142,10,Mechanical Failure,85.7,180,0,4,8,18,0,0,0,0,-1.0,-1.8369701987210297e-16,0.8660254037844387,-0.4999999999999998,14.687,33.9771,37.01555474945634,2.5027624309392267,273,1799.7,21,2027.8799999999999,1420,0,1,0
2024-01-13 16:35:47,Truck_9,19.3645,-149.4523,169,In Transit,28.6,78.8,Heavy,27,482,4,Traffic,80.5,122,1,1,13,16,5,1,0,1,-0.8660254037844384,-0.5000000000000004,0.49999999999999994,0.8660254037844387,19.3645,149.4523,150.70160528521254,1.3739837398373984,47,2173.5,27,2253.68,1928,1,0,0
2024-11-11 04:35:37,Truck_7,38.0858,-149.297,105,Delayed,23.6,54.4,Detour,18,364,10,Traffic,76.0,158,1,11,11,4,0,0,1,0,0.8660254037844386,0.5000000000000001,-0.5000000000000004,0.8660254037844384,38.0858,149.297,154.0782994799722,0.660377358490566,-53,1368.0,18,1283.8400000000001,3640,0,1,0
2024-10-04 16:05:37,Truck_9,4.379,97.6354,256,Delivered,29.6,73.7,Heavy,20,309,8,Weather,83.4,142,1,10,4,16,4,0,0,1,-0.8660254037844384,-0.5000000000000004,-0.8660254037844386,0.5000000000000001,4.379,97.6354,97.73355091349131,1.7902097902097902,114,1668.0,20,2181.52,2472,1,0,0
2024-05-12 21:29:39,Truck_8,-28.8542,119.5019,309,Delivered,22.8,52.8,Clear,19,101,2,Mechanical Failure,85.5,242,0,5,12,21,6,1,0,0,-0.7071067811865477,0.7071067811865474,0.49999999999999994,-0.8660254037844387,28.8542,119.5019,122.93603605635738,1.271604938271605,67,1624.5,0,1203.84,202,0,0,1
2024-12-23 04:59:36,Truck_9,-17.5843,-151.1609,346,Delivered,26.9,70.6,Detour,44,192,9,Traffic,76.2,239,0,12,23,4,0,0,1,0,0.8660254037844386,0.5000000000000001,-2.4492935982947064e-16,1.0,17.5843,151.1609,152.18023950335996,1.4416666666666667,107,3352.8,44,1899.1399999999996,1728,0,1,0
2024-06-15 00:46:44,Truck_4,15.5281,-170.3941,302,Delayed,24.6,60.6,Heavy,30,431,3,,76.0,127,1,6,15,0,5,1,1,0,0.0,1.0,1.2246467991473532e-16,-1.0,15.5281,170.3941,171.10017885560495,2.359375,175,2280.0,30,1490.7600000000002,1293,1,0,0
2024-07-18 17:29:17,Truck_4,-83.8983,-128.1642,181,In Transit,24.7,63.4,Heavy,25,107,8,,71.3,265,1,7,18,17,3,0,0,1,-0.9659258262890683,-0.25881904510252063,-0.4999999999999997,-0.8660254037844388,83.8983,128.1642,153.18285447311,0.6804511278195489,-84,1782.5,25,1565.98,856,1,0,0
2024-02-10 08:40:55,Truck_9,-25.4823,169.1921,282,Delayed,21.8,63.6,Clear,43,370,7,Traffic,69.4,251,1,2,10,8,5,1,0,1,0.8660254037844387,-0.4999999999999998,0.8660254037844386,0.5000000000000001,25.4823,169.1921,171.10030483812704,1.119047619047619,31,2984.2000000000003,0,1386.48,2590,0,0,1
2024-09-09 10:46:47,Truck_10,-69.493,-118.9742,398,Delivered,26.5,64.8,Heavy,44,387,1,,90.6,122,1,9,9,10,0,0,0,1,0.49999999999999994,-0.8660254037844387,-1.0,-1.8369701987210297e-16,69.493,118.9742,137.7829354987039,3.2357723577235773,276,3986.3999999999996,44,1717.1999999999998,387,1,0,0
2024-04-19 08:18:04,Truck_1,-8.0714,-158.0304,210,In Transit,24.7,65.0,Heavy,50,185,10,Mechanical Failure,84.1,140,1,4,19,8,4,0,0,1,0.8660254037844387,-0.4999999999999998,0.8660254037844387,-0.4999999999999998,8.0714,158.0304,158.23638905801658,1.4893617021276595,70,4205.0,50,1605.5,1850,1,0,0
2024-08-05 18:45:24,Truck_9,-59.9919,-162.9143,188,Delayed,22.4,78.0,Heavy,40,372,6,Weather,98.0,237,1,8,5,18,0,0,0,0,-1.0,-1.8369701987210297e-16,-0.8660254037844384,-0.5000000000000004,59.9919,162.9143,173.60903550823616,0.7899159663865546,-49,3920.0,40,1747.1999999999998,2232,1,0,0
2024-06-14 18:40:07,Truck_3,-47.5239,58.4771,298,Delayed,19.6,76.1,Heavy,22,396,7,,65.0,230,1,6,14,18,4,0,0,0,-1.0,-1.8369701987210297e-16,1.2246467991473532e-16,-1.0,47.5239,58.4771,75.35311735834158,1.29004329004329,68,1430.0,22,1491.56,2772,1,0,0
2024-10-18 23:50:28,Truck_10,-39.8052,-126.4073,298,Delayed,24.0,63.5,Detour,25,456,2,,78.9,147,1,10,18,23,4,0,0,0,-0.25881904510252157,0.9659258262890681,-0.8660254037844386,0.5000000000000001,39.8052,126.4073,132.52644807860054,2.0135135135135136,151,1972.5000000000002,25,1524.0,912,0,1,0
2024-04-28 01:31:58,Truck_3,54.0537,-145.9922,326,Delayed,20.0,56.6,Detour,17,260,6,Weather,67.5,162,1,4,28,1,6,1,1,0,0.25881904510252074,0.9659258262890683,0.8660254037844387,-0.4999999999999998,54.0537,145.9922,155.67763148419877,2.0,164,1147.5,17,1132.0,1560,0,1,0
2024-11-11 08:44:54,Truck_6,7.0591,46.7188,354,Delayed,18.4,77.5,Heavy,40,262,7,Traffic,68.5,282,1,11,11,8,0,0,0,1,0.8660254037844387,-0.4999999999999998,-0.5000000000000004,0.8660254037844384,7.0591,46.7188,47.24909698872562,1.2508833922261484,72,2740.0,40,1426.0,1834,1,0,0
2024-09-13 10:52:43,Truck_4,-50.3633,99.5834,269,In Transit,22.4,63.6,Detour,54,481,7,Traffic,82.5,183,0,9,13,10,4,0,0,1,0.49999999999999994,-0.8660254037844387,-1.0,-1.8369701987210297e-16,50.3633,99.5834,111.59442433405891,1.4619565217391304,86,4455.0,54,1424.6399999999999,3367,0,1,0
2024-06-14 17:14:20,Truck_4,51.9327,-102.4309,475,Delivered,29.3,62.8,Clear,29,359,9,Mechanical Failure,95.1,122,0,6,14,17,4,0,0,1,-0.9659258262890683,-0.25881904510252063,1.2246467991473532e-16,-1.0,51.9327,102.4309,114.84378348043049,3.861788617886179,353,2757.8999999999996,0,1840.04,3231,0,0,1
2024-01-02 15:30:44,Truck_4,-36.487,14.5024,372,Delayed,20.4,57.2,Clear,29,153,1,Weather,78.2,221,1,1,2,15,1,0,0,1,-0.7071067811865471,-0.7071067811865479,0.49999999999999994,0.8660254037844387,36.487,14.5024,39.26347889273186,1.6756756756756757,151,2267.8,0,1166.8799999999999,153,0,0,1
2024-10-06 04:58:42,Truck_5,27.2654,-34.1042,201,In Transit,26.0,51.5,Clear,40,429,4,Weather,87.0,107,0,10,6,4,6,1,1,0,0.8660254037844386,0.5000000000000001,-0.8660254037844386,0.5000000000000001,27.2654,34.1042,43.663468652868154,1.8611111111111112,94,3480.0,0,1339.0,1716,0,0,1
2024-06-04 16:47:14,Truck_7,15.2159,-55.6814,441,In Transit,25.3,72.9,Clear,47,152,4,Weather,67.4,256,0,6,4,16,1,0,0,1,-0.8660254037844384,-0.5000000000000004,1.2246467991473532e-16,-1.0,15.2159,55.6814,57.72297565761834,1.715953307392996,185,3167.8,0,1844.3700000000001,608,0,0,1
2024-02-02 12:17:02,Truck_6,27.4437,43.3224,246,Delayed,25.3,57.4,Clear,33,298,8,Traffic,70.4,110,1,2,2,12,4,0,0,1,1.2246467991473532e-16,-1.0,0.8660254037844386,0.5000000000000001,27.4437,43.3224,51.28339898495418,2.2162162162162162,136,2323.2000000000003,0,1452.22,2384,0,0,1
2024-06-22 07:42:17,Truck_10,-58.6928,165.8667,180,Delayed,25.4,50.4,Heavy,32,246,2,Mechanical Failure,65.4,203,1,6,22,7,5,1,0,0,0.9659258262890683,-0.25881904510252063,1.2246467991473532e-16,-1.0,58.6928,165.8667,175.94489745579438,0.8823529411764706,-23,2092.8,32,1280.1599999999999,492,1,0,0
2024-03-01 14:48:13,Truck_9,-38.0737,56.0723,127,Delayed,21.0,54.6,Detour,13,452,9,Mechanical Failure,79.0,299,1,3,1,14,4,0,0,1,-0.4999999999999997,-0.8660254037844388,1.0,6.123233995736766e-17,38.0737,56.0723,67.77690948235984,0.42333333333333334,-172,1027.0,13,1146.6000000000001,4068,0,1,0
2024-08-19 01:36:00,Truck_3,-50.6778,-102.041,246,Delayed,20.8,79.2,Heavy,55,325,2,,80.5,271,1,8,19,1,0,0,1,0,0.25881904510252074,0.9659258262890683,-0.8660254037844384,-0.5000000000000004,50.6778,102.041,113.93245847360619,0.9044117647058824,-25,4427.5,55,1647.3600000000001,650,1,0,0
2024-11-17 02:22:02,Truck_2,-88.776,-125.1628,470,Delivered,21.5,51.0,Heavy,59,293,7,Mechanical Failure,86.6,113,1,11,17,2,6,1,1,0,0.49999999999999994,0.8660254037844387,-0.5000000000000004,0.8660254037844384,88.776,125.1628,153.45000710276946,4.12280701754386,357,5109.4,59,1096.5,2051,1,0,0
2024-05-17 21:00:51,Truck_8,-82.2616,-141.825,325,In Transit,26.2,64.3,Clear,31,491,7,Mechanical Failure,60.7,290,0,5,17,21,4,0,0,0,-0.7071067811865477,0.7071067811865474,0.49999999999999994,-0.8660254037844387,82.2616,141.825,163.95518125256058,1.1168384879725086,35,1881.7,0,1684.6599999999999,3437,0,0,1
2024-03-11 20:09:54,Truck_1,2.7286,-99.5442,432,In Transit,25.9,65.8,Clear,42,265,8,,86.8,140,0,3,11,20,0,0,0,0,-0.8660254037844386,0.5000000000000001,1.0,6.123233995736766e-17,2.7286,99.5442,99.58158972219715,3.0638297872340425,292,3645.6,0,1704.2199999999998,2120,0,0,1
2024-07-18 05:42:03,Truck_7,84.2498,-60.8861,273,Delayed,20.2,72.2,Clear,19,115,5,,68.8,238,1,7,18,5,3,0,1,0,0.9659258262890683,0.25881904510252074,-0.4999999999999997,-0.8660254037844388,84.2498,60.8861,103.94780408094246,1.1422594142259415,35,1307.2,0,1458.44,575,0,0,1
2024-11-13 11:31:44,Truck_4,8.7621,-2.9218,492,Delivered,21.6,78.3,Clear,58,122,9,,61.2,202,0,11,13,11,2,0,0,1,0.258819045102521,-0.9659258262890682,-0.5000000000000004,0.8660254037844384,8.7621,2.9218,9.236412271547866,2.4236453201970445,290,3549.6000000000004,0,1691.28,1098,0,0,1
2024-01-01 11:37:57,Truck_4,-59.0753,68.4886,303,In Transit,24.6,68.6,Detour,50,213,6,Mechanical Failure,97.1,297,0,1,1,11,0,0,0,1,0.258819045102521,-0.9659258262890682,0.49999999999999994,0.8660254037844387,59.0753,68.4886,90.44655549024517,1.016778523489933,6,4855.0,50,1687.56,1278,0,1,0
2024-10-07 18:21:07,Truck_6,5.7218,-96.5806,270,In Transit,28.1,73.6,Clear,57,283,2,Mechanical Failure,92.3,122,0,10,7,18,0,0,0,0,-1.0,-1.8369701987210297e-16,-0.8660254037844386,0.5000000000000001,5.7218,96.5806,96.74994207543486,2.1951219512195124,148,5261.099999999999,0,2068.16,566,0,0,1
2024-07-16 16:39:04,Truck_4,-38.3158,-38.3257,382,Delivered,21.6,50.5,Detour,31,160,8,Weather,94.8,261,0,7,16,16,1,0,0,1,-0.8660254037844384,-0.5000000000000004,-0.4999999999999997,-0.8660254037844388,38.3158,38.3257,54.19372482243678,1.4580152671755726,121,2938.7999999999997,31,1090.8000000000002,1280,0,1,0
2024-04-13 17:33:52,Truck_4,-87.4042,-127.3269,197,Delivered,23.3,53.5,Heavy,41,259,9,Weather,91.3,211,1,4,13,17,5,1,0,1,-0.9659258262890683,-0.25881904510252063,0.8660254037844387,-0.4999999999999998,87.4042,127.3269,154.43974113307104,0.9292452830188679,-14,3743.2999999999997,41,1246.55,2331,1,0,0
2024-08-11 02:18:19,Truck_9,-77.3648,30.9744,368,In Transit,25.0,60.7,Clear,37,382,5,Weather,82.8,225,0,8,11,2,6,1,1,0,0.49999999999999994,0.8660254037844387,-0.8660254037844384,-0.5000000000000004,77.3648,30.9744,83.33502105597621,1.6283185840707965,143,3063.6,0,1517.5,1910,0,0,1
2024-01-19 00:15:26,Truck_7,-73.0477,124.7969,223,In Transit,19.5,55.6,Clear,23,154,4,Weather,62.9,217,0,1,19,0,4,0,1,0,0.0,1.0,0.49999999999999994,0.8660254037844387,73.0477,124.7969,144.60370923631248,1.0229357798165137,6,1446.7,0,1084.2,616,0,0,1
2024-12-26 03:50:18,Truck_7,-27.576,-111.3158,340,Delayed,25.9,75.3,Detour,18,424,7,Weather,67.3,287,1,12,26,3,3,0,1,0,0.7071067811865475,0.7071067811865476,-2.4492935982947064e-16,1.0,27.576,111.3158,114.68061346906023,1.1805555555555556,53,1211.3999999999999,18,1950.2699999999998,2968,0,1,0
2024-01-10 12:44:17,Truck_10,49.9465,-30.0236,355,Delivered,20.2,51.3,Clear,49,323,4,Mechanical Failure,72.6,100,0,1,10,12,2,0,0,1,1.2246467991473532e-16,-1.0,0.49999999999999994,0.8660254037844387,49.9465,30.0236,58.27580474956996,3.514851485148515,255,3557.3999999999996,0,1036.26,1292,0,0,1
2024-10-23 13:13:06,Truck_2,-50.6856,-9.6236,158,In Transit,26.6,63.8,Heavy,51,199,4,,84.8,114,1,10,23,13,2,0,0,1,-0.2588190451025208,-0.9659258262890683,-0.8660254037844386,0.5000000000000001,50.6856,9.6236,51.59112059569941,1.373913043478261,44,4324.8,51,1697.08,796,1,0,0
2024-07-31 19:53:22,Truck_10,84.1122,-87.899,126,Delayed,25.1,58.0,Detour,47,291,7,Traffic,92.3,123,1,7,31,19,2,0,0,0,-0.9659258262890684,0.2588190451025203,-0.4999999999999997,-0.8660254037844388,84.1122,87.899,121.65975665699813,1.0161290322580645,3,4338.099999999999,47,1455.8000000000002,2037,0,1,0
2024-08-05 22:26:07,Truck_8,49.9197,79.4653,309,In Transit,20.6,77.3,Clear,60,177,5,Weather,69.2,271,0,8,5,22,0,0,0,0,-0.5000000000000004,0.8660254037844384,-0.8660254037844384,-0.5000000000000004,49.9197,79.4653,93.84407467805306,1.1360294117647058,38,4152.0,0,1592.38,885,0,0,1
2024-02-14 00:45:03,Truck_10,-44.6254,44.0876,171,Delayed,22.6,69.9,Detour,26,104,2,Weather,88.1,132,1,2,14,0,2,0,1,0,0.0,1.0,0.8660254037844386,0.5000000000000001,44.6254,44.0876,62.73071655034717,1.2857142857142858,39,2290.6,26,1579.7400000000002,208,0,1,0
2024-12-14 00:45:10,Truck_6,-57.3005,-23.6888,403,In Transit,29.6,63.0,Clear,12,197,4,,83.8,228,0,12,14,0,5,1,1,0,0.0,1.0,-2.4492935982947064e-16,1.0,57.3005,23.6888,62.00408491131854,1.759825327510917,175,1005.5999999999999,0,1864.8000000000002,788,0,0,1
2024-07-16 08:12:29,Truck_6,-47.5698,-81.3143,181,Delivered,25.9,69.1,Heavy,44,264,9,Mechanical Failure,69.9,223,1,7,16,8,1,0,0,1,0.8660254037844387,-0.4999999999999998,-0.4999999999999997,-0.8660254037844388,47.5698,81.3143,94.2066943297025,0.8080357142857143,-42,3075.6000000000004,44,1789.6899999999998,2376,1,0,0
2024-12-08 09:52:23,Truck_7,-80.2675,-80.5726,472,Delayed,23.0,68.0,Heavy,34,365,3,Traffic,87.8,294,1,12,8,9,6,1,0,1,0.7071067811865476,-0.7071067811865475,-2.4492935982947064e-16,1.0,80.2675,80.5726,113.7313300151282,1.6,178,2985.2,34,1564.0,1095,1,0,0
2024-05-08 01:51:55,Truck_8,-70.3213,-61.9179,171,Delivered,25.5,51.1,Detour,43,114,1,Weather,92.5,149,0,5,8,1,2,0,1,0,0.25881904510252074,0.9659258262890683,0.49999999999999994,-0.8660254037844387,70.3213,61.9179,93.69584608775354,1.14,22,3977.5,43,1303.05,114,0,1,0
2024-07-20 13:33:43,Truck_6,48.2512,-106.6383,204,Delayed,19.2,58.0,Heavy,50,465,8,Weather,85.2,133,1,7,20,13,5,1,0,1,-0.2588190451025208,-0.9659258262890683,-0.4999999999999997,-0.8660254037844388,48.2512,106.6383,117.04659468916643,1.5223880597014925,71,4260.0,50,1113.6,3720,1,0,0
2024-10-24 14:59:52,Truck_4,-74.6749,-159.7164,254,In Transit,26.7,51.3,Detour,11,378,8,,90.6,208,0,10,24,14,3,0,0,1,-0.4999999999999997,-0.8660254037844388,-0.8660254037844386,0.5000000000000001,74.6749,159.7164,176.31128471816544,1.215311004784689,46,996.5999999999999,11,1369.7099999999998,3024,0,1,0
2024-11-23 10:56:55,Truck_4,-46.0132,-8.5335,100,Delayed,21.0,71.2,Clear,19,315,9,Weather,82.2,100,1,11,23,10,5,1,0,1,0.49999999999999994,-0.8660254037844387,-0.5000000000000004,0.8660254037844384,46.0132,8.5335,46.79781187715938,0.9900990099009901,0,1561.8,0,1495.2,2835,0,0,1
2024-04-18 08:51:00,Truck_1,9.3294,-71.5299,211,Delivered,23.7,66.7,Heavy,36,149,1,Mechanical Failure,60.7,256,1,4,18,8,3,0,0,1,0.8660254037844387,-0.4999999999999998,0.8660254037844387,-0.4999999999999998,9.3294,71.5299,72.13573523829919,0.8210116731517509,-45,2185.2000000000003,36,1580.79,149,1,0,0
2024-08-11 04:43:30,Truck_9,5.0095,-113.8279,145,Delayed,18.2,62.2,Heavy,56,430,5,Traffic,86.7,260,1,8,11,4,6,1,1,0,0.8660254037844386,0.5000000000000001,-0.8660254037844384,-0.5000000000000004,5.0095,113.8279,113.9380792740513,0.5555555555555556,-115,4855.2,56,1132.04,2150,1,0,0
2024-10-09 13:29:04,Truck_6,-70.8094,75.1094,244,Delivered,21.3,79.4,Heavy,22,312,9,,63.5,171,1,10,9,13,2,0,0,1,-0.2588190451025208,-0.9659258262890683,-0.8660254037844386,0.5000000000000001,70.8094,75.1094,103.22496353460242,1.4186046511627908,73,1397.0,22,1691.2200000000003,2808,1,0,0
2024-12-21 15:26:10,Truck_1,-43.2472,163.3821,104,Delivered,29.4,59.1,Detour,58,229,3,Weather,82.9,283,0,12,21,15,5,1,0,1,-0.7071067811865471,-0.7071067811865479,-2.4492935982947064e-16,1.0,43.2472,163.3821,169.00896694628366,0.36619718309859156,-179,4808.200000000001,58,1737.54,687,0,1,0
2024-01-21 23:13:40,Truck_5,28.1016,167.1982,356,In Transit,18.4,75.2,Clear,32,291,6,,90.7,206,0,1,21,23,6,1,0,0,-0.25881904510252157,0.9659258262890681,0.49999999999999994,0.8660254037844387,28.1016,167.1982,169.54332191448887,1.7198067632850242,150,2902.4,0,1383.6799999999998,1746,0,0,1
2024-03-28 07:50:45,Truck_4,-56.2187,27.6037,114,In Transit,26.8,62.1,Heavy,55,334,6,,85.2,202,1,3,28,7,3,0,0,0,0.9659258262890683,-0.25881904510252063,1.0,6.123233995736766e-17,56.2187,27.6037,62.62991683995756,0.5615763546798029,-88,4686.0,55,1664.28,2004,1,0,0
2024-12-02 10:52:06,Truck_6,65.0538,-146.3887,404,Delivered,19.0,76.2,Heavy,54,230,4,,83.7,171,1,12,2,10,0,0,0,1,0.49999999999999994,-0.8660254037844387,-2.4492935982947064e-16,1.0,65.0538,146.3887,160.19253535083962,2.3488372093023258,233,4519.8,54,1447.8,920,1,0,0
2024-12-30 20:21:58,Truck_5,-30.299,153.4529,500,Delivered,21.7,56.2,Detour,20,381,10,Mechanical Failure,90.7,222,0,12,30,20,0,0,0,0,-0.8660254037844386,0.5000000000000001,-2.4492935982947064e-16,1.0,30.299,153.4529,156.41554244834495,2.242152466367713,278,1814.0,20,1219.54,3810,0,1,0
2024-09-12 11:42:11,Truck_5,72.7626,105.821,375,Delayed,23.0,76.3,Detour,49,131,4,,87.8,137,1,9,12,11,3,0,0,1,0.258819045102521,-0.9659258262890682,-1.0,-1.8369701987210297e-16,72.7626,105.821,128.42305088947234,2.717391304347826,238,4302.2,49,1754.8999999999999,524,0,1,0
2024-10-24 23:03:49,Truck_8,61.8446,115.5236,361,In Transit,22.3,66.8,Heavy,60,157,4,Traffic,79.8,247,1,10,24,23,3,0,0,0,-0.25881904510252157,0.9659258262890681,-0.8660254037844386,0.5000000000000001,61.8446,115.5236,131.0360893270247,1.4556451612903225,114,4788.0,60,1489.6399999999999,628,1,0,0
2024-03-07 21:52:21,Truck_3,-31.1792,-46.048,239,Delayed,26.6,51.6,Detour,33,333,2,Traffic,95.1,277,1,3,7,21,3,0,0,0,-0.7071067811865477,0.7071067811865474,1.0,6.123233995736766e-17,31.1792,46.048,55.610797662324536,0.8597122302158273,-38,3138.2999999999997,33,1372.5600000000002,666,0,1,0
2024-01-03 13:08:23,Truck_10,-43.2004,134.8572,191,In Transit,24.0,59.7,Clear,51,268,8,,97.0,111,0,1,3,13,2,0,0,1,-0.2588190451025208,-0.9659258262890683,0.49999999999999994,0.8660254037844387,43.2004,134.8572,141.60769383052605,1.7053571428571428,80,4947.0,0,1432.8000000000002,2144,0,0,1
2024-12-08 00:24:42,Truck_2,-79.6372,-111.7492,171,Delayed,21.3,58.7,Detour,10,292,4,Traffic,65.0,184,1,12,8,0,6,1,1,0,0.0,1.0,-2.4492935982947064e-16,1.0,79.6372,111.7492,137.22232808285978,0.9243243243243243,-13,650.0,10,1250.3100000000002,1168,0,1,0
2024-09-13 08:58:09,Truck_5,66.838,-175.1681,113,Delayed,28.9,56.3,Heavy,22,417,6,Weather,60.8,142,1,9,13,8,4,0,0,1,0.8660254037844387,-0.4999999999999998,-1.0,-1.8369701987210297e-16,66.838,175.1681,187.48648351710585,0.7902097902097902,-29,1337.6,22,1627.07,2502,1,0,0
2024-07-31 22:16:07,Truck_4,13.7736,12.9911,298,In Transit,18.8,79.5,Detour,51,393,4,Traffic,74.6,110,0,7,31,22,2,0,0,0,-0.5000000000000004,0.8660254037844384,-0.4999999999999997,-0.8660254037844388,13.7736,12.9911,18.933587514520326,2.684684684684685,188,3804.6,51,1494.6000000000001,1572,0,1,0
2024-11-25 22:59:58,Truck_8,-66.2696,-82.0579,184,Delivered,26.0,59.6,Heavy,34,235,6,Mechanical Failure,66.7,299,1,11,25,22,0,0,0,0,-0.5000000000000004,0.8660254037844384,-0.5000000000000004,0.8660254037844384,66.2696,82.0579,105.47586850351126,0.6133333333333333,-115,2267.8,34,1549.6000000000001,1410,1,0,0
2024-05-30 15:40:45,Truck_4,5.1238,-67.8583,298,Delivered,18.9,65.9,Detour,41,269,2,,64.8,234,0,5,30,15,3,0,0,1,-0.7071067811865471,-0.7071067811865479,0.49999999999999994,-0.8660254037844387,5.1238,67.8583,68.05146732679611,1.2680851063829788,64,2656.7999999999997,41,1245.51,538,0,1,0
2024-03-05 20:59:12,Truck_3,-85.8715,-162.7167,439,Delayed,25.1,66.1,Clear,46,151,4,,79.2,209,1,3,5,20,1,0,0,0,-0.8660254037844386,0.5000000000000001,1.0,6.123233995736766e-17,85.8715,162.7167,183.985431410044,2.0904761904761906,230,3643.2000000000003,0,1659.11,604,0,0,1
2024-08-20 15:30:04,Truck_3,86.2679,-50.7895,142,Delayed,28.0,67.2,Heavy,49,458,8,Traffic,92.5,224,1,8,20,15,1,0,0,1,-0.7071067811865471,-0.7071067811865479,-0.8660254037844384,-0.5000000000000004,86.2679,50.7895,100.10856047641481,0.6311111111111111,-82,4532.5,49,1881.6000000000001,3664,1,0,0
2024-09-19 12:19:09,Truck_6,21.3104,-80.5292,202,Delivered,18.5,69.5,Heavy,54,261,3,,62.5,213,1,9,19,12,3,0,0,1,1.2246467991473532e-16,-1.0,-1.0,-1.8369701987210297e-16,21.3104,80.5292,83.30117166522929,0.9439252336448598,-11,3375.0,54,1285.75,783,1,0,0
2024-03-02 15:37:45,Truck_3,-2.2841,23.4152,418,Delayed,29.6,67.4,Heavy,54,199,9,Traffic,99.9,215,1,3,2,15,5,1,0,1,-0.7071067811865471,-0.7071067811865479,1.0,6.123233995736766e-17,2.2841,23.4152,23.526340638739377,1.9351851851851851,203,5394.6,54,1995.0400000000002,1791,1,0,0
2024-02-24 23:02:05,Truck_4,-23.4709,54.5265,458,Delayed,23.3,58.6,Heavy,43,372,10,Mechanical Failure,92.9,262,1,2,24,23,5,1,0,0,-0.25881904510252157,0.9659258262890681,0.8660254037844386,0.5000000000000001,23.4709,54.5265,59.363476558065564,1.741444866920152,196,3994.7000000000003,43,1365.38,3720,1,0,0
2024-03-05 11:20:37,Truck_8,44.5052,-178.7281,313,In Transit,18.7,74.7,Heavy,16,284,3,Mechanical Failure,69.0,105,1,3,5,11,1,0,0,1,0.258819045102521,-0.9659258262890682,1.0,6.123233995736766e-17,44.5052,178.7281,184.18590216585525,2.952830188679245,208,1104.0,16,1396.89,852,1,0,0
2024-03-04 23:34:51,Truck_9,-8.1413,92.8681,457,Delayed,18.2,62.6,Detour,18,217,9,,97.8,199,1,3,4,23,0,0,0,0,-0.25881904510252157,0.9659258262890681,1.0,6.123233995736766e-17,8.1413,92.8681,93.22427132083146,2.285,258,1760.3999999999999,18,1139.32,1953,0,1,0
2024-06-30 04:33:59,Truck_2,0.7118,108.5142,298,Delivered,27.8,76.9,Heavy,18,414,5,,72.2,164,1,6,30,4,6,1,1,0,0.8660254037844386,0.5000000000000001,1.2246467991473532e-16,-1.0,0.7118,108.5142,108.51653450456294,1.8060606060606061,134,1299.6000000000001,18,2137.82,2070,1,0,0
2024-12-02 10:19:46,Truck_4,43.2255,-143.0415,106,Delayed,23.7,74.7,Heavy,14,442,4,Mechanical Failure,83.6,276,1,12,2,10,0,0,0,1,0.49999999999999994,-0.8660254037844387,-2.4492935982947064e-16,1.0,43.2255,143.0415,149.42996544368202,0.38267148014440433,-170,1170.3999999999999,14,1770.39,1768,1,0,0
2024-08-14 11:03:17,Truck_6,61.8047,-72.1219,293,Delivered,28.5,59.3,Clear,50,168,4,Weather,67.2,199,0,8,14,11,2,0,0,1,0.258819045102521,-0.9659258262890682,-0.8660254037844384,-0.5000000000000004,61.8047,72.1219,94.9809949500425,1.465,94,3360.0,0,1690.05,672,0,0,1
2024-09-13 03:11:29,Truck_9,-42.6929,46.2525,301,Delayed,19.2,57.6,Heavy,16,256,6,,65.4,148,1,9,13,3,4,0,1,0,0.7071067811865475,0.7071067811865476,-1.0,-1.8369701987210297e-16,42.6929,46.2525,62.94424093322597,2.0201342281879193,153,1046.4,16,1105.92,1536,1,0,0
2024-12-29 18:21:59,Truck_1,-78.0755,-11.8927,287,In Transit,25.2,51.8,Detour,34,399,2,Mechanical Failure,85.0,124,0,12,29,18,6,1,0,0,-1.0,-1.8369701987210297e-16,-2.4492935982947064e-16,1.0,78.0755,11.8927,78.9760724114589,2.296,163,2890.0,34,1305.36,798,0,1,0
2024-11-19 13:53:15,Truck_5,65.5547,-128.3673,237,In Transit,23.4,53.3,Detour,38,109,2,Mechanical Failure,87.9,157,0,11,19,13,1,0,0,1,-0.2588190451025208,-0.9659258262890683,-0.5000000000000004,0.8660254037844384,65.5547,128.3673,144.13737336783961,1.5,80,3340.2000000000003,38,1247.2199999999998,218,0,1,0
2024-05-27 07:26:13,Truck_1,-19.5574,-65.5493,258,In Transit,25.2,67.6,Clear,32,484,7,Traffic,98.8,191,0,5,27,7,0,0,0,0,0.9659258262890683,-0.25881904510252063,0.49999999999999994,-0.8660254037844387,19.5574,65.5493,68.40469739169964,1.34375,67,3161.6,0,1703.5199999999998,3388,0,0,1
2024-11-19 20:03:10,Truck_3,17.7083,-162.0043,480,In Transit,27.1,76.3,Heavy,22,497,9,Traffic,74.9,183,1,11,19,20,1,0,0,0,-0.8660254037844386,0.5000000000000001,-0.5000000000000004,0.8660254037844384,17.7083,162.0043,162.96925203049807,2.608695652173913,297,1647.8000000000002,22,2067.73,4473,1,0,0
2024-09-18 23:04:24,Truck_8,-52.1686,-175.6269,441,In Transit,22.6,53.3,Clear,29,343,3,Mechanical Failure,86.5,172,0,9,18,23,2,0,0,0,-0.25881904510252157,0.9659258262890681,-1.0,-1.8369701987210297e-16,52.1686,175.6269,183.21127375128967,2.5491329479768785,269,2508.5,0,1204.58,1029,0,0,1
2024-12-16 02:17:00,Truck_6,-84.2375,76.9339,346,In Transit,21.6,65.2,Clear,43,402,8,Traffic,96.4,157,0,12,16,2,0,0,1,0,0.49999999999999994,0.8660254037844387,-2.4492935982947064e-16,1.0,84.2375,76.9339,114.08234471407046,2.189873417721519,189,4145.2,0,1408.3200000000002,3216,0,0,1
2024-09-29 19:01:01,Truck_2,-7.599,-78.7489,205,In Transit,23.6,76.2,Heavy,41,324,2,,73.8,153,1,9,29,19,6,1,0,0,-0.9659258262890684,0.2588190451025203,-1.0,-1.8369701987210297e-16,7.599,78.7489,79.11468923158328,1.3311688311688312,52,3025.7999999999997,41,1798.3200000000002,648,1,0,0
2024-03-29 01:23:19,Truck_2,36.621,97.2194,477,Delayed,25.1,50.3,Detour,32,297,7,Traffic,96.4,212,1,3,29,1,4,0,1,0,0.25881904510252074,0.9659258262890683,1.0,6.123233995736766e-17,36.621,97.2194,103.88796550784888,2.23943661971831,265,3084.8,32,1262.53,2079,0,1,0
2024-07-26 10:09:34,Truck_9,-7.9899,-23.5723,355,Delayed,19.8,60.9,Clear,24,226,9,Weather,62.8,243,1,7,26,10,4,0,0,1,0.49999999999999994,-0.8660254037844387,-0.4999999999999997,-0.8660254037844388,7.9899,23.5723,24.889592790963853,1.4549180327868851,112,1507.1999999999998,0,1205.82,2034,0,0,1
2024-12-19 10:36:22,Truck_4,-68.5749,106.2112,148,Delivered,23.3,59.1,Detour,53,161,10,Weather,65.7,189,0,12,19,10,3,0,0,1,0.49999999999999994,-0.8660254037844387,-2.4492935982947064e-16,1.0,68.5749,106.2112,126.42521866878461,0.7789473684210526,-41,3482.1000000000004,53,1377.03,1610,0,1,0
2024-06-14 10:30:32,Truck_6,-86.6472,76.1641,190,Delayed,27.8,62.2,Detour,41,238,2,,90.2,122,1,6,14,10,4,0,0,1,0.49999999999999994,-0.8660254037844387,1.2246467991473532e-16,-1.0,86.6472,76.1641,115.3633711220767,1.5447154471544715,68,3698.2000000000003,41,1729.16,476,0,1,0
2024-01-06 05:22:59,Truck_10,-20.073,169.5863,356,Delayed,24.8,70.0,Detour,37,345,3,Traffic,84.0,245,1,1,6,5,5,1,1,0,0.9659258262890683,0.25881904510252074,0.49999999999999994,0.8660254037844387,20.073,169.5863,170.77013344461028,1.4471544715447155,111,3108.0,37,1736.0,1035,0,1,0
2024-09-17 17:56:29,Truck_2,8.0303,137.6073,228,Delivered,18.3,52.3,Clear,57,350,3,Traffic,76.5,285,0,9,17,17,1,0,0,1,-0.9659258262890683,-0.25881904510252063,-1.0,-1.8369701987210297e-16,8.0303,137.6073,137.84141152563697,0.7972027972027972,-57,4360.5,0,957.09,1050,0,0,1
2024-12-29 17:13:45,Truck_6,-58.6706,162.7699,437,In Transit,20.9,55.2,Clear,44,336,7,Weather,88.6,118,0,12,29,17,6,1,0,1,-0.9659258262890683,-0.25881904510252063,-2.4492935982947064e-16,1.0,58.6706,162.7699,173.02103817273206,3.672268907563025,319,3898.3999999999996,0,1153.68,2352,0,0,1
2024-11-30 16:53:31,Truck_10,63.6092,-40.4852,295,Delayed,20.3,68.6,Detour,29,249,6,,63.2,295,1,11,30,16,5,1,0,1,-0.8660254037844384,-0.5000000000000004,-0.5000000000000004,0.8660254037844384,63.6092,40.4852,75.40014418872155,0.9966216216216216,0,1832.8000000000002,29,1392.58,1494,0,1,0
2024-10-20 11:54:15,Truck_3,69.9178,-25.7593,365,In Transit,30.0,60.0,Clear,18,215,5,Traffic,95.8,201,0,10,20,11,6,1,0,1,0.258819045102521,-0.9659258262890682,-0.8660254037844386,0.5000000000000001,69.9178,25.7593,74.51201442270904,1.806930693069307,164,1724.3999999999999,0,1800.0,1075,0,0,1
2024-06-08 16:49:23,Truck_10,27.3884,-85.6938,117,Delayed,23.9,64.3,Clear,16,175,8,Mechanical Failure,73.9,270,1,6,8,16,5,1,0,1,-0.8660254037844384,-0.5000000000000004,1.2246467991473532e-16,-1.0,27.3884,85.6938,89.9641696065717,0.4317343173431734,-153,1182.4,0,1536.7699999999998,1400,0,0,1
2024-09-11 09:02:01,Truck_6,5.5363,-6.3698,202,Delayed,25.9,62.3,Heavy,11,249,4,,98.0,131,1,9,11,9,2,0,0,1,0.7071067811865476,-0.7071067811865475,-1.0,-1.8369701987210297e-16,5.5363,6.3698,8.43948871259391,1.5303030303030303,71,1078.0,11,1613.57,996,1,0,0
2024-11-08 14:19:44,Truck_10,-47.9174,-44.4673,408,Delayed,29.9,58.9,Heavy,25,390,8,,61.5,117,1,11,8,14,4,0,0,1,-0.4999999999999997,-0.8660254037844388,-0.5000000000000004,0.8660254037844384,47.9174,44.4673,65.37138511650186,3.457627118644068,291,1537.5,25,1761.11,3120,1,0,0
2024-06-15 14:24:59,Truck_2,-58.2884,-53.9833,277,In Transit,18.2,75.1,Clear,60,122,10,,65.0,147,0,6,15,14,5,1,0,1,-0.4999999999999997,-0.8660254037844388,1.2246467991473532e-16,-1.0,58.2884,53.9833,79.44642379270448,1.8716216216216217,130,3900.0,0,1366.82,1220,0,0,1
2024-05-16 01:51:29,Truck_10,44.4715,61.1203,430,Delayed,25.0,53.4,Detour,30,251,4,Mechanical Failure,77.6,119,1,5,16,1,3,0,1,0,0.25881904510252074,0.9659258262890683,0.49999999999999994,-0.8660254037844387,44.4715,61.1203,75.58707154229485,3.5833333333333335,311,2328.0,30,1335.0,1004,0,1,0
2024-03-26 14:40:33,Truck_7,-73.5735,153.529,451,Delayed,21.3,67.2,Detour,24,187,8,,69.3,221,1,3,26,14,1,0,0,1,-0.4999999999999997,-0.8660254037844388,1.0,6.123233995736766e-17,73.5735,153.529,170.24750730407186,2.0315315315315314,230,1663.1999999999998,24,1431.3600000000001,1496,0,1,0
2024-04-05 15:36:59,Truck_8,-39.3967,15.6452,421,Delivered,26.0,78.1,Heavy,29,379,5,Traffic,81.0,118,1,4,5,15,4,0,0,1,-0.7071067811865471,-0.7071067811865479,0.8660254037844387,-0.4999999999999998,39.3967,15.6452,42.38953000364595,3.53781512605042,303,2349.0,29,2030.6,1895,1,0,0
2024-11-13 03:59:13,Truck_9,-46.8183,81.9142,175,In Transit,29.6,66.0,Clear,34,467,9,Weather,98.3,220,0,11,13,3,2,0,1,0,0.7071067811865475,0.7071067811865476,-0.5000000000000004,0.8660254037844384,46.8183,81.9142,94.34982446475458,0.7918552036199095,-45,3342.2,0,1953.6000000000001,4203,0,0,1
2024-06-13 01:08:32,Truck_2,57.3299,-54.7962,357,In Transit,27.4,55.5,Detour,43,207,2,Weather,60.5,111,0,6,13,1,3,0,1,0,0.25881904510252074,0.9659258262890683,1.2246467991473532e-16,-1.0,57.3299,54.7962,79.30536531944104,3.1875,246,2601.5,43,1520.6999999999998,414,0,1,0
2024-01-21 09:04:01,Truck_9,86.1935,59.4987,419,Delivered,26.5,56.2,Detour,15,277,2,Weather,68.3,280,0,1,21,9,6,1,0,1,0.7071067811865476,-0.7071067811865475,0.49999999999999994,0.8660254037844387,86.1935,59.4987,104.7349738336722,1.491103202846975,139,1024.5,15,1489.3000000000002,554,0,1,0
2024-10-05 14:23:31,Truck_7,59.8543,-132.3865,455,Delivered,19.8,67.6,Clear,22,301,3,Traffic,68.2,254,0,10,5,14,5,1,0,1,-0.4999999999999997,-0.8660254037844388,-0.8660254037844386,0.5000000000000001,59.8543,132.3865,145.28841182537582,1.7843137254901962,201,1500.4,0,1338.48,903,0,0,1
2024-04-21 07:25:56,Truck_2,-41.7908,84.2001,438,Delayed,24.3,78.8,Detour,33,322,7,Weather,79.0,206,1,4,21,7,6,1,0,0,0.9659258262890683,-0.25881904510252063,0.8660254037844387,-0.4999999999999998,41.7908,84.2001,94.00067980950989,2.1159420289855073,232,2607.0,33,1914.84,2254,0,1,0
2024-04-24 22:27:28,Truck_6,-3.7401,43.2693,497,In Transit,28.2,68.2,Detour,47,184,6,Traffic,63.8,251,0,4,24,22,2,0,0,0,-0.5000000000000004,0.8660254037844384,0.8660254037844387,-0.4999999999999998,3.7401,43.2693,43.43064206870536,1.9722222222222223,246,2998.6,47,1923.24,1104,0,1,0
2024-02-10 07:01:26,Truck_8,-27.0196,-24.081,410,In Transit,29.8,76.2,Detour,52,152,2,Mechanical Failure,76.6,149,0,2,10,7,5,1,0,0,0.9659258262890683,-0.25881904510252063,0.8660254037844386,0.5000000000000001,27.0196,24.081,36.193277623890324,2.7333333333333334,261,3983.2,52,2270.76,304,0,1,0
2024-09-26 16:59:08,Truck_7,-53.7107,-60.5951,306,Delivered,21.5,78.5,Clear,48,317,7,Weather,92.8,231,0,9,26,16,3,0,0,1,-0.8660254037844384,-0.5000000000000004,-1.0,-1.8369701987210297e-16,53.7107,60.5951,80.97286853323155,1.3189655172413792,75,4454.4,0,1687.75,2219,0,0,1
2024-08-09 14:23:12,Truck_3,65.9866,135.5421,209,Delayed,18.6,69.6,Heavy,50,357,10,Traffic,92.9,125,1,8,9,14,4,0,0,1,-0.4999999999999997,-0.8660254037844388,-0.8660254037844384,-0.5000000000000004,65.9866,135.5421,150.75109370074236,1.6587301587301588,84,4645.0,50,1294.56,3570,1,0,0
2024-01-05 21:06:52,Truck_4,-77.8133,-89.1179,155,Delayed,30.0,64.5,Detour,33,342,6,Weather,88.2,179,1,1,5,21,4,0,0,0,-0.7071067811865477,0.7071067811865474,0.49999999999999994,0.8660254037844387,77.8133,89.1179,118.3085362824678,0.8611111111111112,-24,2910.6,33,1935.0,2052,0,1,0
2024-09-11 08:19:18,Truck_9,-10.2023,76.7946,422,Delivered,23.8,62.4,Clear,10,158,4,Traffic,84.7,294,0,9,11,8,2,0,0,1,0.8660254037844387,-0.4999999999999998,-1.0,-1.8369701987210297e-16,10.2023,76.7946,77.46933273528306,1.4305084745762713,128,847.0,0,1485.1200000000001,632,0,0,1
2024-10-05 23:57:35,Truck_2,-9.1011,102.9819,450,In Transit,22.8,58.7,Detour,45,421,9,,90.0,240,0,10,5,23,5,1,0,0,-0.25881904510252157,0.9659258262890681,-0.8660254037844386,0.5000000000000001,9.1011,102.9819,103.3832759628945,1.8672199170124482,210,4050.0,45,1338.3600000000001,3789,0,1,0
2024-10-15 14:03:52,Truck_4,-85.2973,149.0859,221,Delivered,21.6,67.7,Heavy,39,430,6,Traffic,71.9,286,1,10,15,14,1,0,0,1,-0.4999999999999997,-0.8660254037844388,-0.8660254037844386,0.5000000000000001,85.2973,149.0859,171.7621464878103,0.7700348432055749,-65,2804.1000000000004,39,1462.3200000000002,2580,1,0,0
2024-07-04 09:22:46,Truck_7,-13.1977,107.4226,271,Delivered,18.7,75.4,Clear,37,210,10,Traffic,72.0,120,0,7,4,9,3,0,0,1,0.7071067811865476,-0.7071067811865475,-0.4999999999999997,-0.8660254037844388,13.1977,107.4226,108.23028354416337,2.239669421487603,151,2664.0,0,1409.98,2100,0,0,1
2024-08-21 17:20:39,Truck_4,-77.327,-33.6001,402,Delayed,18.7,59.6,Detour,16,454,1,Traffic,62.9,274,1,8,21,17,2,0,0,1,-0.9659258262890683,-0.25881904510252063,-0.8660254037844384,-0.5000000000000004,77.327,33.6001,84.31151551840352,1.461818181818182,128,1006.4,16,1114.52,454,0,1,0
2024-07-03 06:32:35,Truck_1,-36.3388,69.5488,119,In Transit,24.4,68.2,Heavy,60,125,3,,81.6,106,1,7,3,6,2,0,0,0,1.0,6.123233995736766e-17,-0.4999999999999997,-0.8660254037844388,36.3388,69.5488,78.47001954173327,1.1121495327102804,13,4896.0,60,1664.08,375,1,0,0
2024-02-20 17:37:42,Truck_6,-35.4951,105.3877,385,Delivered,26.1,68.3,Clear,38,114,6,Weather,64.6,190,0,2,20,17,1,0,0,1,-0.9659258262890683,-0.25881904510252063,0.8660254037844386,0.5000000000000001,35.4951,105.3877,111.20462865951218,2.0157068062827226,195,2454.7999999999997,0,1782.63,684,0,0,1
2024-05-25 03:48:33,Truck_4,-50.7255,49.2993,443,Delivered,23.6,66.6,Detour,42,333,9,Traffic,93.1,143,0,5,25,3,5,1,1,0,0.7071067811865475,0.7071067811865476,0.49999999999999994,-0.8660254037844387,50.7255,49.2993,70.73540365856407,3.076388888888889,300,3910.2,42,1571.76,2997,0,1,0
2024-05-28 16:24:39,Truck_4,-85.6005,35.8883,271,In Transit,23.6,74.2,Clear,30,214,5,Traffic,72.1,132,0,5,28,16,1,0,0,1,-0.8660254037844384,-0.5000000000000004,0.49999999999999994,-0.8660254037844387,85.6005,35.8883,92.81926350246484,2.037593984962406,139,2163.0,0,1751.1200000000001,1070,0,0,1
2024-09-07 10:37:29,Truck_3,-15.3475,13.3516,133,Delayed,29.4,51.6,Clear,31,485,3,Weather,90.1,172,1,9,7,10,5,1,0,1,0.49999999999999994,-0.8660254037844387,-1.0,-1.8369701987210297e-16,15.3475,13.3516,20.342344476731288,0.7687861271676301,-39,2793.1,0,1517.04,1455,0,0,1
2024-08-20 15:07:20,Truck_4,36.4573,-60.8255,388,Delayed,23.1,64.8,Detour,23,329,1,Mechanical Failure,89.2,296,1,8,20,15,1,0,0,1,-0.7071067811865471,-0.7071067811865479,-0.8660254037844384,-0.5000000000000004,36.4573,60.8255,70.91456954350072,1.3063973063973064,92,2051.6,23,1496.88,329,0,1,0
2024-11-11 19:15:19,Truck_1,40.9268,-145.299,429,In Transit,20.9,68.0,Heavy,50,196,10,Mechanical Failure,72.9,123,1,11,11,19,0,0,0,0,-0.9659258262890684,0.2588190451025203,-0.5000000000000004,0.8660254037844384,40.9268,145.299,150.95298062390157,3.4596774193548385,306,3645.0000000000005,50,1421.1999999999998,1960,1,0,0
2024-05-27 08:38:06,Truck_6,-66.0724,48.2597,145,Delivered,18.8,62.6,Detour,14,408,9,Weather,81.3,138,0,5,27,8,0,0,0,1,0.8660254037844387,-0.4999999999999998,0.49999999999999994,-0.8660254037844387,66.0724,48.2597,81.82029507310519,1.0431654676258992,7,1138.2,14,1176.88,3672,0,1,0
2024-04-05 18:56:43,Truck_1,24.1971,18.693,135,Delivered,20.1,53.8,Detour,21,108,10,Traffic,92.0,243,0,4,5,18,4,0,0,0,-1.0,-1.8369701987210297e-16,0.8660254037844387,-0.4999999999999998,24.1971,18.693,30.576590676692522,0.5532786885245902,-108,1932.0,21,1081.38,1080,0,1,0
2024-07-23 15:08:30,Truck_5,46.8609,37.8235,442,Delayed,22.2,65.4,Detour,33,492,5,Weather,86.4,145,1,7,23,15,1,0,0,1,-0.7071067811865471,-0.7071067811865479,-0.4999999999999997,-0.8660254037844388,46.8609,37.8235,60.220935737167025,3.0273972602739727,297,2851.2000000000003,33,1451.88,2460,0,1,0
2024-03-04 09:24:45,Truck_10,-56.7854,25.8691,342,Delivered,27.2,55.1,Heavy,22,326,2,,64.4,300,1,3,4,9,0,0,0,1,0.7071067811865476,-0.7071067811865475,1.0,6.123233995736766e-17,56.7854,25.8691,62.40025631333577,1.1362126245847175,42,1416.8000000000002,22,1498.72,652,1,0,0
2024-01-03 12:49:48,Truck_10,-35.4329,9.9153,308,Delayed,25.2,52.5,Heavy,19,475,8,Mechanical Failure,95.0,206,1,1,3,12,2,0,0,1,1.2246467991473532e-16,-1.0,0.49999999999999994,0.8660254037844387,35.4329,9.9153,36.79406985507311,1.4879227053140096,102,1805.0,19,1323.0,3800,1,0,0
2024-04-05 20:20:25,Truck_7,63.6965,-131.1519,358,Delayed,21.6,61.7,Clear,23,127,6,,85.7,199,1,4,5,20,4,0,0,0,-0.8660254037844386,0.5000000000000001,0.8660254037844387,-0.4999999999999998,63.6965,131.1519,145.80145742021924,1.79,159,1971.1000000000001,0,1332.7200000000003,762,0,0,1
2024-07-07 19:49:15,Truck_2,-82.7058,-62.704,426,Delayed,24.2,75.7,Clear,51,303,10,Mechanical Failure,94.1,160,1,7,7,19,6,1,0,0,-0.9659258262890684,0.2588190451025203,-0.4999999999999997,-0.8660254037844388,82.7058,62.704,103.78844333373539,2.6459627329192545,266,4799.099999999999,0,1831.94,3030,0,0,1
2024-11-26 22:45:24,Truck_6,-75.3211,-58.7749,349,Delivered,21.1,54.1,Detour,47,290,5,,70.4,233,0,11,26,22,1,0,0,0,-0.5000000000000004,0.8660254037844384,-0.5000000000000004,0.8660254037844384,75.3211,58.7749,95.53929545072018,1.4914529914529915,116,3308.8,47,1141.5100000000002,1450,0,1,0
2024-01-04 03:12:31,Truck_4,-50.7085,-85.4515,173,In Transit,23.1,56.0,Heavy,50,440,3,Mechanical Failure,73.4,289,1,1,4,3,3,0,1,0,0.7071067811865475,0.7071067811865476,0.49999999999999994,0.8660254037844387,50.7085,85.4515,99.36453504394814,0.596551724137931,-116,3670.0000000000005,50,1293.6000000000001,1320,1,0,0
2024-05-23 23:23:37,Truck_5,-71.1004,-147.757,318,Delayed,25.5,64.3,Heavy,15,215,8,Traffic,69.1,158,1,5,23,23,3,0,0,0,-0.25881904510252157,0.9659258262890681,0.49999999999999994,-0.8660254037844387,71.1004,147.757,163.97377207700018,2.0,160,1036.5,15,1639.6499999999999,1720,1,0,0
2024-07-04 00:05:02,Truck_3,-76.8972,-3.6358,288,Delivered,24.7,67.4,Detour,37,230,7,Mechanical Failure,65.0,259,0,7,4,0,3,0,1,0,0.0,1.0,-0.4999999999999997,-0.8660254037844388,76.8972,3.6358,76.98310470148628,1.1076923076923078,29,2405.0,37,1664.7800000000002,1610,0,1,0
2024-08-18 23:25:47,Truck_6,39.7998,58.7461,317,Delivered,18.5,66.0,Heavy,36,465,1,Mechanical Failure,68.0,180,1,8,18,23,6,1,0,0,-0.25881904510252157,0.9659258262890681,-0.8660254037844384,-0.5000000000000004,39.7998,58.7461,70.95863827082647,1.7513812154696133,137,2448.0,36,1221.0,465,1,0,0
2024-10-23 15:20:16,Truck_7,78.5954,-173.0016,122,In Transit,26.7,73.2,Clear,37,128,9,,81.4,174,0,10,23,15,2,0,0,1,-0.7071067811865471,-0.7071067811865479,-0.8660254037844386,0.5000000000000001,78.5954,173.0016,190.01786890637416,0.6971428571428572,-52,3011.8,0,1954.44,1152,0,0,1
2024-07-02 16:40:43,Truck_4,-53.5264,13.0019,291,Delivered,24.2,67.0,Heavy,29,431,9,Traffic,90.1,172,1,7,2,16,1,0,0,1,-0.8660254037844384,-0.5000000000000004,-0.4999999999999997,-0.8660254037844388,53.5264,13.0019,55.08289117838678,1.6820809248554913,119,2612.8999999999996,29,1621.3999999999999,3879,1,0,0
2024-01-10 16:52:14,Truck_1,49.3049,-55.6493,199,Delivered,23.4,64.4,Heavy,59,476,10,Traffic,81.3,123,1,1,10,16,2,0,0,1,-0.8660254037844384,-0.5000000000000004,0.49999999999999994,0.8660254037844387,49.3049,55.6493,74.34929558845867,1.6048387096774193,76,4796.7,59,1506.96,4760,1,0,0
2024-10-25 16:02:14,Truck_8,72.9981,12.4029,488,Delivered,21.9,75.8,Detour,30,147,3,Mechanical Failure,81.6,252,0,10,25,16,4,0,0,1,-0.8660254037844384,-0.5000000000000004,-0.8660254037844386,0.5000000000000001,72.9981,12.4029,74.04427413392611,1.9288537549407114,236,2448.0,30,1660.0199999999998,441,0,1,0
2024-02-27 21:46:02,Truck_1,80.4177,-39.9632,445,Delayed,20.6,68.2,Clear,41,418,9,,93.6,184,1,2,27,21,1,0,0,0,-0.7071067811865477,0.7071067811865474,0.8660254037844386,0.5000000000000001,80.4177,39.9632,89.80013266989086,2.4054054054054053,261,3837.6,0,1404.92,3762,0,0,1
2024-08-06 04:29:22,Truck_2,-51.0247,1.8063,247,Delayed,19.3,62.9,Clear,55,466,2,Weather,78.0,183,1,8,6,4,1,0,1,0,0.8660254037844386,0.5000000000000001,-0.8660254037844384,-0.5000000000000004,51.0247,1.8063,51.056661952971425,1.3423913043478262,64,4290.0,0,1213.97,932,0,0,1
2024-09-09 18:54:20,Truck_4,5.2922,172.6376,351,In Transit,29.7,52.1,Clear,41,330,8,Weather,94.5,108,0,9,9,18,0,0,0,0,-1.0,-1.8369701987210297e-16,-1.0,-1.8369701987210297e-16,5.2922,172.6376,172.7186970614357,3.220183486238532,243,3874.5,0,1547.3700000000001,2640,0,0,1
2024-01-21 12:56:09,Truck_1,54.3099,-98.941,311,Delayed,28.9,77.8,Heavy,43,415,1,Mechanical Failure,76.4,210,1,1,21,12,6,1,0,1,1.2246467991473532e-16,-1.0,0.49999999999999994,0.8660254037844387,54.3099,98.941,112.86667674300507,1.4739336492890995,101,3285.2000000000003,43,2248.4199999999996,415,1,0,0
2024-10-23 21:11:00,Truck_5,-3.8161,-159.7257,495,Delivered,29.5,50.6,Detour,58,179,3,Mechanical Failure,72.3,245,0,10,23,21,2,0,0,0,-0.7071067811865477,0.7071067811865474,-0.8660254037844386,0.5000000000000001,3.8161,159.7257,159.77127983370477,2.0121951219512195,250,4193.4,58,1492.7,537,0,1,0
2024-03-22 03:06:23,Truck_3,-69.8431,-171.5361,237,In Transit,23.6,62.7,Detour,35,323,9,Weather,66.8,267,0,3,22,3,4,0,1,0,0.7071067811865475,0.7071067811865476,1.0,6.123233995736766e-17,69.8431,171.5361,185.2098599449284,0.8843283582089553,-30,2338.0,35,1479.7200000000003,2907,0,1,0
2024-09-07 01:58:48,Truck_2,9.3528,120.0011,290,Delivered,28.7,72.6,Clear,45,151,8,Traffic,81.7,280,0,9,7,1,5,1,1,0,0.25881904510252074,0.9659258262890683,-1.0,-1.8369701987210297e-16,9.3528,120.0011,120.36502344555912,1.0320284697508897,10,3676.5,0,2083.62,1208,0,0,1
2024-02-13 05:24:13,Truck_2,-74.3396,-150.6339,111,Delayed,22.7,75.6,Clear,47,207,4,,60.4,131,1,2,13,5,1,0,1,0,0.9659258262890683,0.25881904510252074,0.8660254037844386,0.5000000000000001,74.3396,150.6339,167.97901046669492,0.8409090909090909,-20,2838.7999999999997,0,1716.12,828,0,0,1
2024-01-30 15:36:36,Truck_2,-62.0623,133.8872,373,Delayed,27.6,65.8,Heavy,23,396,1,Traffic,79.3,126,1,1,30,15,1,0,0,1,-0.7071067811865471,-0.7071067811865479,0.49999999999999994,0.8660254037844387,62.0623,133.8872,147.57205496004318,2.937007874015748,247,1823.8999999999999,23,1816.08,396,1,0,0
2024-03-06 06:10:28,Truck_10,-53.1354,-164.488,458,In Transit,25.5,52.1,Detour,32,183,6,Weather,93.5,154,0,3,6,6,2,0,0,0,1.0,6.123233995736766e-17,1.0,6.123233995736766e-17,53.1354,164.488,172.8573772714373,2.9548387096774196,304,2992.0,32,1328.55,1098,0,1,0
2024-10-31 07:46:12,Truck_4,85.0389,-138.3248,354,In Transit,24.7,64.1,Detour,15,298,4,Mechanical Failure,71.9,162,0,10,31,7,3,0,0,0,0.9659258262890683,-0.25881904510252063,-0.8660254037844386,0.5000000000000001,85.0389,138.3248,162.3741506775324,2.1717791411042944,192,1078.5,15,1583.2699999999998,1192,0,1,0
2024-06-21 10:02:05,Truck_3,48.9598,-160.9134,165,Delayed,28.8,51.6,Heavy,49,410,8,Mechanical Failure,88.4,291,1,6,21,10,4,0,0,1,0.49999999999999994,-0.8660254037844387,1.2246467991473532e-16,-1.0,48.9598,160.9134,168.19686178879795,0.565068493150685,-126,4331.6,49,1486.0800000000002,3280,1,0,0
2024-07-25 17:59:38,Truck_8,44.3639,134.3967,471,Delayed,19.8,55.2,Clear,36,369,6,Mechanical Failure,94.7,183,1,7,25,17,3,0,0,1,-0.9659258262890683,-0.25881904510252063,-0.4999999999999997,-0.8660254037844388,44.3639,134.3967,141.52960324292584,2.5597826086956523,288,3409.2000000000003,0,1092.96,2214,0,0,1
2024-02-21 22:00:35,Truck_8,-33.1628,143.557,410,Delivered,27.5,58.5,Detour,21,439,9,Mechanical Failure,72.4,182,0,2,21,22,2,0,0,0,-0.5000000000000004,0.8660254037844384,0.8660254037844386,0.5000000000000001,33.1628,143.557,147.3376515112142,2.240437158469945,228,1520.4,21,1608.75,3951,0,1,0
2024-06-22 06:59:47,Truck_8,-61.1518,140.8152,407,In Transit,19.9,50.7,Heavy,55,421,1,Mechanical Failure,87.2,237,1,6,22,6,5,1,0,0,1.0,6.123233995736766e-17,1.2246467991473532e-16,-1.0,61.1518,140.8152,153.52023708384507,1.7100840336134453,170,4796.0,55,1008.93,421,1,0,0
2024-02-09 21:00:56,Truck_10,-87.8115,97.0492,134,Delivered,19.5,75.3,Clear,45,424,6,Weather,80.9,175,0,2,9,21,4,0,0,0,-0.7071067811865477,0.7071067811865474,0.8660254037844386,0.5000000000000001,87.8115,97.0492,130.87935953728532,0.7613636363636364,-41,3640.5000000000005,0,1468.35,2544,0,0,1
2024-12-16 00:30:52,Truck_10,-48.3575,115.8351,394,Delayed,26.9,62.1,Detour,29,419,10,,90.7,139,1,12,16,0,0,0,1,0,0.0,1.0,-2.4492935982947064e-16,1.0,48.3575,115.8351,125.52377543023472,2.8142857142857145,255,2630.3,29,1670.49,4190,0,1,0
2024-03-22 23:53:31,Truck_10,-59.5674,11.3653,480,Delayed,23.9,57.9,Heavy,57,204,6,,62.3,146,1,3,22,23,4,0,0,0,-0.25881904510252157,0.9659258262890681,1.0,6.123233995736766e-17,59.5674,11.3653,60.64194247259895,3.2653061224489797,334,3551.1,57,1383.81,1224,1,0,0
2024-07-26 08:02:20,Truck_7,-37.2055,79.4485,159,In Transit,25.6,76.6,Clear,25,213,5,Weather,82.2,144,0,7,26,8,4,0,0,1,0.8660254037844387,-0.4999999999999998,-0.4999999999999997,-0.8660254037844388,37.2055,79.4485,87.7286349061696,1.096551724137931,15,2055.0,0,1960.96,1065,0,0,1
2024-04-11 04:50:12,Truck_8,38.1095,164.7654,131,Delayed,19.1,73.3,Heavy,10,353,3,Weather,89.4,149,1,4,11,4,3,0,1,0,0.8660254037844386,0.5000000000000001,0.8660254037844387,-0.4999999999999998,38.1095,164.7654,169.11525959359787,0.8733333333333333,-18,894.0,10,1400.03,1059,1,0,0
2024-05-31 15:07:16,Truck_1,-20.0991,20.1825,224,Delayed,20.2,58.9,Heavy,34,166,6,Mechanical Failure,84.6,105,1,5,31,15,4,0,0,1,-0.7071067811865471,-0.7071067811865479,0.49999999999999994,-0.8660254037844387,20.0991,20.1825,28.483453566237365,2.1132075471698113,119,2876.3999999999996,34,1189.78,996,1,0,0
2024-04-12 15:44:47,Truck_10,89.3898,-93.1034,120,Delivered,22.6,56.4,Clear,60,151,9,Weather,69.9,194,0,4,12,15,4,0,0,1,-0.7071067811865471,-0.7071067811865479,0.8660254037844387,-0.4999999999999998,89.3898,93.1034,129.068894144174,0.6153846153846154,-74,4194.0,0,1274.64,1359,0,0,1
2024-03-14 18:05:27,Truck_4,85.8393,74.4208,321,Delayed,30.0,75.4,Heavy,14,391,1,,67.3,138,1,3,14,18,3,0,0,0,-1.0,-1.8369701987210297e-16,1.0,6.123233995736766e-17,85.8393,74.4208,113.60827829489364,2.3093525179856114,183,942.1999999999999,14,2262.0,391,1,0,0
2024-08-09 21:10:15,Truck_1,29.5637,-162.339,238,Delivered,26.6,50.9,Heavy,59,160,1,Mechanical Failure,76.8,233,1,8,9,21,4,0,0,0,-0.7071067811865477,0.7071067811865474,-0.8660254037844384,-0.5000000000000004,29.5637,162.339,165.0089793880624,1.017094017094017,5,4531.2,59,1353.94,160,1,0,0
2024-09-18 10:59:43,Truck_1,13.5274,-108.9153,297,In Transit,18.1,77.3,Clear,22,376,10,,80.2,168,0,9,18,10,2,0,0,1,0.49999999999999994,-0.8660254037844387,-1.0,-1.8369701987210297e-16,13.5274,108.9153,109.75214405582244,1.757396449704142,129,1764.4,0,1399.13,3760,0,0,1
2024-03-13 21:43:28,Truck_2,49.8896,46.7765,219,Delivered,22.3,56.9,Heavy,44,144,8,,62.2,188,1,3,13,21,2,0,0,0,-0.7071067811865477,0.7071067811865474,1.0,6.123233995736766e-17,49.8896,46.7765,68.38869161206405,1.1587301587301588,31,2736.8,44,1268.8700000000001,1152,1,0,0
2024-08-17 04:39:18,Truck_3,61.9951,28.0639,204,In Transit,29.8,58.9,Heavy,10,484,3,Weather,93.0,238,1,8,17,4,5,1,1,0,0.8660254037844386,0.5000000000000001,-0.8660254037844384,-0.5000000000000004,61.9951,28.0639,68.05126675690909,0.8535564853556485,-34,930.0,10,1755.22,1452,1,0,0
2024-01-31 00:01:35,Truck_1,88.3545,123.8561,469,In Transit,21.5,52.2,Heavy,56,405,10,Weather,95.5,135,1,1,31,0,2,0,1,0,0.0,1.0,0.49999999999999994,0.8660254037844387,88.3545,123.8561,152.14089252222757,3.448529411764706,334,5348.0,56,1122.3,4050,1,0,0
2024-02-27 17:30:37,Truck_9,-1.4258,112.8174,146,Delayed,24.2,72.4,Clear,22,321,9,Mechanical Failure,88.2,190,1,2,27,17,1,0,0,1,-0.9659258262890683,-0.25881904510252063,0.8660254037844386,0.5000000000000001,1.4258,112.8174,112.82640935702953,0.7643979057591623,-44,1940.4,0,1752.0800000000002,2889,0,0,1
2024-09-22 00:34:04,Truck_3,-18.3801,-175.0496,215,Delivered,18.9,63.4,Heavy,57,382,4,Weather,71.2,274,1,9,22,0,6,1,1,0,0.0,1.0,-1.0,-1.8369701987210297e-16,18.3801,175.0496,176.01190452969365,0.7818181818181819,-59,4058.4,57,1198.26,1528,1,0,0
2024-10-03 07:58:45,Truck_3,72.6206,46.1393,454,In Transit,22.8,73.3,Heavy,45,276,5,Weather,87.4,261,1,10,3,7,3,0,0,0,0.9659258262890683,-0.25881904510252063,-0.8660254037844386,0.5000000000000001,72.6206,46.1393,86.03828536674821,1.7328244274809161,193,3933.0000000000005,45,1671.24,1380,1,0,0
2024-08-14 19:26:01,Truck_4,-10.0844,-0.6042,145,Delivered,29.2,67.3,Clear,36,230,4,Traffic,85.3,269,0,8,14,19,2,0,0,0,-0.9659258262890684,0.2588190451025203,-0.8660254037844384,-0.5000000000000004,10.0844,0.6042,10.102483902486558,0.5370370370370371,-124,3070.7999999999997,0,1965.1599999999999,920,0,0,1
2024-12-24 21:30:03,Truck_10,73.6225,125.9589,410,Delivered,18.8,78.0,Heavy,35,228,2,Mechanical Failure,92.1,111,1,12,24,21,1,0,0,0,-0.7071067811865477,0.7071067811865474,-2.4492935982947064e-16,1.0,73.6225,125.9589,145.89693963706026,3.6607142857142856,299,3223.5,35,1466.4,456,1,0,0
2024-07-16 21:14:02,Truck_4,-67.5109,-162.0537,350,Delayed,21.8,60.4,Clear,15,238,3,Weather,81.1,300,1,7,16,21,1,0,0,0,-0.7071067811865477,0.7071067811865474,-0.4999999999999997,-0.8660254037844388,67.5109,162.0537,175.55376185801316,1.1627906976744187,50,1216.5,0,1316.72,714,0,0,1
2024-12-01 17:38:54,Truck_1,-4.42,-44.1619,474,Delayed,29.5,51.1,Detour,34,136,8,,67.8,268,1,12,1,17,6,1,0,1,-0.9659258262890683,-0.25881904510252063,-2.4492935982947064e-16,1.0,4.42,44.1619,44.382539490322095,1.762081784386617,206,2305.2,34,1507.45,1088,0,1,0
2024-10-08 12:36:02,Truck_1,-31.9299,48.9536,357,Delivered,20.9,50.9,Detour,30,495,1,Weather,65.6,288,0,10,8,12,1,0,0,1,1.2246467991473532e-16,-1.0,-0.8660254037844386,0.5000000000000001,31.9299,48.9536,58.44632979897027,1.2352941176470589,69,1967.9999999999998,30,1063.81,495,0,1,0
2024-05-27 19:21:26,Truck_1,-84.5861,-56.9044,171,In Transit,28.8,59.3,Clear,56,437,10,,99.6,235,0,5,27,19,0,0,0,0,-0.9659258262890684,0.2588190451025203,0.49999999999999994,-0.8660254037844387,84.5861,56.9044,101.94566715937465,0.7245762711864406,-64,5577.599999999999,0,1707.84,4370,0,0,1
2024-03-21 22:22:44,Truck_3,-20.6577,-86.8013,137,Delivered,24.0,78.0,Heavy,29,425,7,Weather,69.4,270,1,3,21,22,3,0,0,0,-0.5000000000000004,0.8660254037844384,1.0,6.123233995736766e-17,20.6577,86.8013,89.22559190602212,0.5055350553505535,-133,2012.6000000000001,29,1872.0,2975,1,0,0
2024-05-04 10:52:10,Truck_3,-56.5959,153.5316,147,Delivered,24.9,67.6,Heavy,57,157,4,Traffic,62.1,261,1,5,4,10,5,1,0,1,0.49999999999999994,-0.8660254037844387,0.49999999999999994,-0.8660254037844387,56.5959,153.5316,163.6308286826477,0.5610687022900763,-114,3539.7000000000003,57,1683.2399999999998,628,1,0,0
2024-05-11 12:13:27,Truck_5,20.6546,79.9499,194,In Transit,22.9,69.7,Clear,11,140,4,Weather,84.7,293,0,5,11,12,5,1,0,1,1.2246467991473532e-16,-1.0,0.49999999999999994,-0.8660254037844387,20.6546,79.9499,82.5748085748311,0.6598639455782312,-99,931.7,0,1596.1299999999999,560,0,0,1
2024-12-28 20:25:19,Truck_5,-19.7553,54.2697,291,Delayed,24.1,70.8,Heavy,25,414,8,,99.4,225,1,12,28,20,5,1,0,0,-0.8660254037844386,0.5000000000000001,-2.4492935982947064e-16,1.0,19.7553,54.2697,57.7535472172922,1.2876106194690264,66,2485.0,25,1706.28,3312,1,0,0
2024-04-06 01:48:36,Truck_3,68.0702,98.5995,176,Delivered,29.5,61.9,Clear,31,306,6,Weather,73.5,217,0,4,6,1,5,1,1,0,0.25881904510252074,0.9659258262890683,0.8660254037844387,-0.4999999999999998,68.0702,98.5995,119.81407900697648,0.8073394495412844,-41,2278.5,0,1826.05,1836,0,0,1
2024-08-12 10:11:42,Truck_4,25.964,-133.3578,240,In Transit,27.4,72.9,Detour,29,272,8,Mechanical Failure,72.3,106,0,8,12,10,0,0,0,1,0.49999999999999994,-0.8660254037844387,-0.8660254037844384,-0.5000000000000004,25.964,133.3578,135.86181257748623,2.2429906542056073,134,2096.7,29,1997.46,2176,0,1,0
2024-02-08 10:12:13,Truck_1,-86.701,-140.0339,412,Delayed,23.8,71.6,Heavy,54,301,6,Weather,76.8,183,1,2,8,10,3,0,0,1,0.49999999999999994,-0.8660254037844387,0.8660254037844386,0.5000000000000001,86.701,140.0339,164.70141635763184,2.239130434782609,229,4147.2,54,1704.08,1806,1,0,0
2024-10-02 18:31:19,Truck_2,-35.9441,-133.4183,359,Delivered,22.6,72.9,Clear,60,142,4,Traffic,78.5,255,0,10,2,18,2,0,0,0,-1.0,-1.8369701987210297e-16,-0.8660254037844386,0.5000000000000001,35.9441,133.4183,138.17532739132554,1.40234375,104,4710.0,0,1647.5400000000002,568,0,0,1
2024-11-25 18:46:06,Truck_8,62.9176,116.017,491,In Transit,20.6,74.7,Detour,16,183,7,Weather,60.3,273,0,11,25,18,0,0,0,0,-1.0,-1.8369701987210297e-16,-0.5000000000000004,0.8660254037844384,62.9176,116.017,131.97942520999248,1.7919708029197081,218,964.8,16,1538.8200000000002,1281,0,1,0
2024-03-28 14:33:39,Truck_3,69.7549,-126.8123,130,Delayed,29.9,65.0,Detour,50,385,10,Traffic,72.6,106,1,3,28,14,3,0,0,1,-0.4999999999999997,-0.8660254037844388,1.0,6.123233995736766e-17,69.7549,126.8123,144.7311490498849,1.2149532710280373,24,3629.9999999999995,50,1943.5,3850,0,1,0
2024-12-14 12:42:18,Truck_8,-0.5355,120.9793,336,In Transit,22.1,75.2,Detour,33,443,5,Mechanical Failure,73.2,186,0,12,14,12,5,1,0,1,1.2246467991473532e-16,-1.0,-2.4492935982947064e-16,1.0,0.5355,120.9793,120.98048515665656,1.7967914438502675,150,2415.6,33,1661.92,2215,0,1,0
2024-03-13 18:47:10,Truck_9,57.9277,-106.3278,330,In Transit,29.5,68.5,Clear,14,358,1,Mechanical Failure,70.0,283,0,3,13,18,2,0,0,0,-1.0,-1.8369701987210297e-16,1.0,6.123233995736766e-17,57.9277,106.3278,121.08352274413724,1.1619718309859155,47,980.0,0,2020.75,358,0,0,1
2024-02-28 00:53:35,Truck_6,-86.177,112.1068,118,In Transit,25.1,59.5,Clear,36,200,1,,80.6,239,0,2,28,0,2,0,1,0,0.0,1.0,0.8660254037844386,0.5000000000000001,86.177,112.1068,141.40159099260518,0.49166666666666664,-121,2901.6,0,1493.45,200,0,0,1
2024-10-18 21:26:27,Truck_2,-9.2728,-173.0699,147,In Transit,21.6,52.0,Clear,24,187,7,Traffic,71.0,173,0,10,18,21,4,0,0,0,-0.7071067811865477,0.7071067811865474,-0.8660254037844386,0.5000000000000001,9.2728,173.0699,173.31813265163572,0.8448275862068966,-26,1704.0,0,1123.2,1309,0,0,1
2024-01-11 03:09:35,Truck_3,-84.3224,76.1163,258,Delivered,23.3,71.8,Heavy,20,466,7,Traffic,80.6,277,1,1,11,3,3,0,1,0,0.7071067811865475,0.7071067811865476,0.49999999999999994,0.8660254037844387,84.3224,76.1163,113.59559088032422,0.9280575539568345,-19,1612.0,20,1672.94,3262,1,0,0
2024-09-25 09:44:50,Truck_7,-27.8806,-32.4778,315,Delayed,21.7,54.9,Heavy,51,479,7,Traffic,83.7,293,1,9,25,9,2,0,0,1,0.7071067811865476,-0.7071067811865475,-1.0,-1.8369701987210297e-16,27.8806,32.4778,42.80345020205731,1.0714285714285714,22,4268.7,51,1191.33,3353,1,0,0
2024-06-26 20:47:39,Truck_8,-48.8409,171.332,233,Delayed,25.3,52.8,Detour,19,123,7,Weather,92.3,192,1,6,26,20,2,0,0,0,-0.8660254037844386,0.5000000000000001,1.2246467991473532e-16,-1.0,48.8409,171.332,178.15748015957678,1.2072538860103628,41,1753.7,19,1335.84,861,0,1,0
2024-02-24 07:23:53,Truck_4,28.627,162.8857,282,Delivered,18.4,68.8,Heavy,16,281,4,Mechanical Failure,78.8,285,1,2,24,7,5,1,0,0,0.9659258262890683,-0.25881904510252063,0.8660254037844386,0.5000000000000001,28.627,162.8857,165.38215258452166,0.986013986013986,-3,1260.8,16,1265.9199999999998,1124,1,0,0
2024-02-04 20:41:18,Truck_2,-7.2601,52.512,117,Delayed,28.0,73.9,Heavy,55,156,10,Weather,63.7,277,1,2,4,20,6,1,0,0,-0.8660254037844386,0.5000000000000001,0.8660254037844386,0.5000000000000001,7.2601,52.512,53.01150060137894,0.420863309352518,-160,3503.5,55,2069.2000000000003,1560,1,0,0
2024-02-28 18:13:16,Truck_1,-16.8576,-8.0033,242,In Transit,23.7,56.0,Detour,41,190,5,Traffic,61.8,265,0,2,28,18,2,0,0,0,-1.0,-1.8369701987210297e-16,0.8660254037844386,0.5000000000000001,16.8576,8.0033,18.660961621792165,0.9097744360902256,-23,2533.7999999999997,41,1327.2,950,0,1,0
2024-04-27 15:33:04,Truck_8,-42.1652,-40.9587,497,Delivered,24.1,77.5,Clear,39,319,10,Traffic,60.0,224,0,4,27,15,5,1,0,1,-0.7071067811865471,-0.7071067811865479,0.8660254037844387,-0.4999999999999998,42.1652,40.9587,58.783664369703935,2.2088888888888887,273,2340.0,0,1867.75,3190,0,0,1
2024-10-27 00:36:59,Truck_10,4.2073,-152.132,384,Delayed,25.6,78.8,Detour,52,161,10,Mechanical Failure,83.6,161,1,10,27,0,6,1,1,0,0.0,1.0,-0.8660254037844386,0.5000000000000001,4.2073,152.132,152.1901665591112,2.3703703703703702,223,4347.2,52,2017.28,1610,0,1,0
2024-01-08 09:23:32,Truck_9,7.8031,43.4739,258,Delivered,26.8,60.5,Clear,12,413,8,Weather,86.9,207,0,1,8,9,0,0,0,1,0.7071067811865476,-0.7071067811865475,0.49999999999999994,0.8660254037844387,7.8031,43.4739,44.168635374210965,1.2403846153846154,51,1042.8000000000002,0,1621.4,3304,0,0,1
2024-04-01 18:35:37,Truck_4,-6.8792,165.0017,258,Delivered,29.4,66.1,Heavy,54,395,2,Mechanical Failure,71.4,256,1,4,1,18,0,0,0,0,-1.0,-1.8369701987210297e-16,0.8660254037844387,-0.4999999999999998,6.8792,165.0017,165.14504048117823,1.0038910505836576,2,3855.6000000000004,54,1943.3399999999997,790,1,0,0
2024-03-05 12:35:28,Truck_7,60.6073,74.3625,291,In Transit,26.9,52.3,Heavy,34,253,2,Traffic,94.9,228,1,3,5,12,1,0,0,1,1.2246467991473532e-16,-1.0,1.0,6.123233995736766e-17,60.6073,74.3625,95.93240442905619,1.2707423580786026,63,3226.6000000000004,34,1406.87,506,1,0,0
2024-08-22 06:38:15,Truck_9,-87.2317,143.0006,135,Delayed,29.0,62.2,Heavy,24,155,3,Mechanical Failure,69.4,196,1,8,22,6,3,0,0,0,1.0,6.123233995736766e-17,-0.8660254037844384,-0.5000000000000004,87.2317,143.0006,167.5068389208333,0.6852791878172588,-61,1665.6000000000001,24,1803.8000000000002,465,1,0,0
2024-01-20 14:38:55,Truck_10,38.825,-51.8451,437,Delayed,23.3,61.6,Heavy,45,177,5,Mechanical Failure,93.3,106,1,1,20,14,5,1,0,1,-0.4999999999999997,-0.8660254037844388,0.49999999999999994,0.8660254037844387,38.825,51.8451,64.77109709592698,4.08411214953271,331,4198.5,45,1435.28,885,1,0,0
2024-07-06 18:05:23,Truck_9,-53.5255,-1.9486,441,Delayed,23.1,57.1,Clear,55,490,10,Weather,65.1,289,1,7,6,18,5,1,0,0,-1.0,-1.8369701987210297e-16,-0.4999999999999997,-0.8660254037844388,53.5255,1.9486,53.56095772304674,1.5206896551724138,152,3580.4999999999995,0,1319.0100000000002,4900,0,0,1
2024-05-12 20:36:13,Truck_6,71.1182,-120.1134,268,Delayed,20.3,78.1,Detour,30,102,6,Weather,91.7,132,1,5,12,20,6,1,0,0,-0.8660254037844386,0.5000000000000001,0.49999999999999994,-0.8660254037844387,71.1182,120.1134,139.58877902897495,2.0150375939849625,136,2751.0,30,1585.4299999999998,612,0,1,0
2024-11-20 15:27:33,Truck_2,-78.4902,-101.3255,142,Delayed,24.0,51.6,Clear,40,160,7,,70.0,276,1,11,20,15,2,0,0,1,-0.7071067811865471,-0.7071067811865479,-0.5000000000000004,0.8660254037844384,78.4902,101.3255,128.1700762514012,0.5126353790613718,-134,2800.0,0,1238.4,1120,0,0,1
2024-08-14 18:56:46,Truck_9,35.0933,-170.9221,264,In Transit,25.3,55.2,Clear,51,213,10,Mechanical Failure,85.5,173,0,8,14,18,2,0,0,0,-1.0,-1.8369701987210297e-16,-0.8660254037844384,-0.5000000000000004,35.0933,170.9221,174.48754675706803,1.5172413793103448,91,4360.5,0,1396.5600000000002,2130,0,0,1
2024-10-02 10:12:30,Truck_3,67.0296,-18.7078,426,Delayed,25.3,56.8,Clear,15,241,5,Traffic,83.5,224,1,10,2,10,2,0,0,1,0.49999999999999994,-0.8660254037844387,-0.8660254037844386,0.5000000000000001,67.0296,18.7078,69.59130015310822,1.8933333333333333,202,1252.5,0,1437.04,1205,0,0,1
2024-04-04 17:32:05,Truck_8,-29.6573,-37.6029,214,Delayed,24.3,56.9,Clear,35,497,6,Weather,70.2,111,1,4,4,17,3,0,0,1,-0.9659258262890683,-0.25881904510252063,0.8660254037844387,-0.4999999999999998,29.6573,37.6029,47.89085018769243,1.9107142857142858,103,2457.0,0,1382.67,2982,0,0,1
2024-01-08 21:16:45,Truck_5,-9.1109,76.762,123,Delivered,19.3,63.4,Detour,35,303,3,,64.9,240,0,1,8,21,0,0,0,0,-0.7071067811865477,0.7071067811865474,0.49999999999999994,0.8660254037844387,9.1109,76.762,77.30079652118728,0.5103734439834025,-117,2271.5,35,1223.6200000000001,909,0,1,0
2024-04-02 22:44:27,Truck_7,50.7076,-21.7653,295,In Transit,22.2,64.9,Heavy,19,385,9,Weather,77.1,235,1,4,2,22,1,0,0,0,-0.5000000000000004,0.8660254037844384,0.8660254037844387,-0.4999999999999998,50.7076,21.7653,55.181418809686285,1.25,60,1464.8999999999999,19,1440.78,3465,1,0,0
2024-04-09 22:12:14,Truck_5,48.352,-54.56,378,In Transit,23.3,78.7,Clear,17,364,8,Mechanical Failure,96.1,230,0,4,9,22,1,0,0,0,-0.5000000000000004,0.8660254037844384,0.8660254037844387,-0.4999999999999998,48.352,54.56,72.90205418230683,1.6363636363636365,148,1633.6999999999998,0,1833.71,2912,0,0,1
2024-07-08 11:01:23,Truck_4,-39.7867,81.5636,209,Delayed,19.3,51.0,Detour,18,443,2,Mechanical Failure,91.5,213,1,7,8,11,0,0,0,1,0.258819045102521,-0.9659258262890682,-0.4999999999999997,-0.8660254037844388,39.7867,81.5636,90.75021951405958,0.9766355140186916,-4,1647.0,18,984.3000000000001,886,0,1,0
2024-03-21 10:50:41,Truck_6,36.5436,71.7597,325,Delayed,28.8,55.0,Clear,56,316,4,Weather,77.8,300,1,3,21,10,3,0,0,1,0.49999999999999994,-0.8660254037844387,1.0,6.123233995736766e-17,36.5436,71.7597,80.52881003125526,1.079734219269103,25,4356.8,0,1584.0,1264,0,0,1
2024-11-22 22:18:41,Truck_6,32.8663,-79.992,362,Delayed,21.7,54.6,Heavy,22,441,3,,74.6,194,1,11,22,22,4,0,0,0,-0.5000000000000004,0.8660254037844384,-0.5000000000000004,0.8660254037844384,32.8663,79.992,86.48071310812603,1.8564102564102565,168,1641.1999999999998,22,1184.82,1323,1,0,0
2024-04-24 00:08:50,Truck_4,-0.1019,99.8069,451,Delivered,27.5,56.7,Clear,23,446,6,Traffic,62.1,203,0,4,24,0,2,0,1,0,0.0,1.0,0.8660254037844387,-0.4999999999999998,0.1019,99.8069,99.80695201848417,2.2107843137254903,248,1428.3,0,1559.25,2676,0,0,1
2024-06-05 08:51:03,Truck_9,-56.8231,71.5841,201,In Transit,27.5,53.1,Clear,10,169,3,,65.1,242,0,6,5,8,2,0,0,1,0.8660254037844387,-0.4999999999999998,1.2246467991473532e-16,-1.0,56.8231,71.5841,91.39555824229097,0.8271604938271605,-41,651.0,0,1460.25,507,0,0,1
2024-03-01 10:10:16,Truck_3,-61.9668,113.8899,442,Delayed,23.6,58.1,Clear,47,165,1,Traffic,93.3,191,1,3,1,10,4,0,0,1,0.49999999999999994,-0.8660254037844387,1.0,6.123233995736766e-17,61.9668,113.8899,129.65644459204486,2.3020833333333335,251,4385.099999999999,0,1371.16,165,0,0,1
2024-07-06 21:09:27,Truck_1,-63.8035,61.4571,274,In Transit,19.3,70.3,Detour,26,404,7,Weather,81.0,141,0,7,6,21,5,1,0,0,-0.7071067811865477,0.7071067811865474,-0.4999999999999997,-0.8660254037844388,63.8035,61.4571,88.5881580836852,1.9295774647887325,133,2106.0,26,1356.79,2828,0,1,0
2024-11-28 16:05:59,Truck_5,-31.7275,-28.5676,180,In Transit,24.9,68.9,Clear,14,189,3,Traffic,89.4,275,0,11,28,16,3,0,0,1,-0.8660254037844384,-0.5000000000000004,-0.5000000000000004,0.8660254037844384,31.7275,28.5676,42.69358296055743,0.6521739130434783,-95,1251.6000000000001,0,1715.6100000000001,567,0,0,1
2024-03-23 21:22:31,Truck_1,69.9959,-10.5335,213,Delayed,22.8,65.0,Detour,51,361,6,,74.5,274,1,3,23,21,5,1,0,0,-0.7071067811865477,0.7071067811865474,1.0,6.123233995736766e-17,69.9959,10.5335,70.7840422627869,0.7745454545454545,-61,3799.5,51,1482.0,2166,0,1,0
2024-04-24 05:44:05,Truck_10,-63.1722,145.3756,353,In Transit,22.0,66.8,Heavy,27,327,9,Traffic,71.2,146,1,4,24,5,2,0,1,0,0.9659258262890683,0.25881904510252074,0.8660254037844387,-0.4999999999999998,63.1722,145.3756,158.50801849811887,2.401360544217687,207,1922.4,27,1469.6,2943,1,0,0
2024-06-11 04:47:07,Truck_8,35.7913,6.3765,495,Delivered,20.6,71.5,Heavy,32,166,2,Weather,62.5,282,1,6,11,4,1,0,1,0,0.8660254037844386,0.5000000000000001,1.2246467991473532e-16,-1.0,35.7913,6.3765,36.354874610428794,1.7491166077738516,213,2000.0,32,1472.9,332,1,0,0
2024-08-12 00:54:08,Truck_1,-58.8531,45.0498,162,Delayed,21.3,76.8,Detour,53,164,3,,61.6,104,1,8,12,0,0,0,1,0,0.0,1.0,-0.8660254037844384,-0.5000000000000004,58.8531,45.0498,74.11593526125134,1.542857142857143,58,3264.8,53,1635.84,492,0,1,0
2024-04-05 10:26:33,Truck_2,8.4222,-69.7522,361,Delivered,19.5,78.6,Clear,21,358,9,Weather,93.0,235,0,4,5,10,4,0,0,1,0.49999999999999994,-0.8660254037844387,0.8660254037844387,-0.4999999999999998,8.4222,69.7522,70.25882761390201,1.5296610169491525,126,1953.0,0,1532.6999999999998,3222,0,0,1
2024-12-12 16:21:04,Truck_6,-6.5166,-143.3822,115,Delivered,29.3,65.1,Heavy,32,445,1,Weather,79.4,123,1,12,12,16,3,0,0,1,-0.8660254037844384,-0.5000000000000004,-2.4492935982947064e-16,1.0,6.5166,143.3822,143.5302105913595,0.9274193548387096,-8,2540.8,32,1907.4299999999998,445,1,0,0
2024-02-11 08:18:06,Truck_3,-43.1797,-64.4769,172,Delivered,22.5,69.7,Heavy,55,216,9,Weather,72.1,106,1,2,11,8,6,1,0,1,0.8660254037844387,-0.4999999999999998,0.8660254037844386,0.5000000000000001,43.1797,64.4769,77.59998148002356,1.6074766355140186,66,3965.4999999999995,55,1568.25,1944,1,0,0
2024-10-11 15:23:47,Truck_8,45.047,69.7014,403,In Transit,28.2,76.1,Heavy,51,457,7,Traffic,73.9,229,1,10,11,15,4,0,0,1,-0.7071067811865471,-0.7071067811865479,-0.8660254037844386,0.5000000000000001,45.047,69.7014,82.99106801915494,1.7521739130434784,174,3768.9,51,2146.02,3199,1,0,0
2024-06-27 16:27:20,Truck_2,-15.8011,138.7785,426,In Transit,22.0,73.1,Clear,29,392,5,,94.6,236,0,6,27,16,3,0,0,1,-0.8660254037844384,-0.5000000000000004,1.2246467991473532e-16,-1.0,15.8011,138.7785,139.67514747964293,1.7974683544303798,190,2743.3999999999996,0,1608.1999999999998,1960,0,0,1
2024-09-10 19:47:25,Truck_7,-30.8564,26.7562,368,Delayed,26.6,74.9,Detour,28,341,6,,97.1,217,1,9,10,19,1,0,0,0,-0.9659258262890684,0.2588190451025203,-1.0,-1.8369701987210297e-16,30.8564,26.7562,40.84129845389346,1.688073394495413,151,2718.7999999999997,28,1992.3400000000001,2046,0,1,0
2024-07-02 13:06:51,Truck_9,16.0296,-36.3349,173,Delayed,24.9,58.1,Clear,34,287,9,Mechanical Failure,96.8,131,1,7,2,13,1,0,0,1,-0.2588190451025208,-0.9659258262890683,-0.4999999999999997,-0.8660254037844388,16.0296,36.3349,39.71363788637349,1.3106060606060606,42,3291.2,0,1446.69,2583,0,0,1
2024-08-31 20:18:57,Truck_9,81.3962,-79.6193,371,In Transit,22.9,67.2,Heavy,35,121,8,Weather,90.9,213,1,8,31,20,5,1,0,0,-0.8660254037844386,0.5000000000000001,-0.8660254037844384,-0.5000000000000004,81.3962,79.6193,113.86208458890079,1.733644859813084,158,3181.5,35,1538.8799999999999,968,1,0,0
2024-07-13 00:23:59,Truck_4,77.5436,-156.2479,199,Delayed,28.5,68.8,Heavy,18,201,2,Mechanical Failure,71.2,181,1,7,13,0,5,1,1,0,0.0,1.0,-0.4999999999999997,-0.8660254037844388,77.5436,156.2479,174.4316948130987,1.0934065934065933,18,1281.6000000000001,18,1960.8,402,1,0,0
2024-07-09 10:12:42,Truck_4,51.8047,66.0193,319,In Transit,22.3,50.8,Clear,52,188,8,Traffic,66.4,153,0,7,9,10,1,0,0,1,0.49999999999999994,-0.8660254037844387,-0.4999999999999997,-0.8660254037844388,51.8047,66.0193,83.91826329578086,2.0714285714285716,166,3452.8,0,1132.84,1504,0,0,1
2024-05-06 23:58:14,Truck_4,37.5523,145.1973,437,In Transit,29.1,76.5,Clear,46,122,10,,73.6,111,0,5,6,23,0,0,0,0,-0.25881904510252157,0.9659258262890681,0.49999999999999994,-0.8660254037844387,37.5523,145.1973,149.97476841982456,3.9017857142857144,326,3385.6,0,2226.15,1220,0,0,1
2024-01-07 15:00:38,Truck_9,30.5875,132.7309,203,Delayed,19.2,63.6,Heavy,31,123,9,Mechanical Failure,84.1,270,1,1,7,15,6,1,0,1,-0.7071067811865471,-0.7071067811865479,0.49999999999999994,0.8660254037844387,30.5875,132.7309,136.2097168746048,0.7490774907749077,-67,2607.1,31,1221.12,1107,1,0,0
2024-03-08 18:02:46,Truck_8,-86.9276,120.7534,466,In Transit,26.3,70.4,Heavy,53,291,8,Weather,62.1,287,1,3,8,18,4,0,0,0,-1.0,-1.8369701987210297e-16,1.0,6.123233995736766e-17,86.9276,120.7534,148.78773892132375,1.6180555555555556,179,3291.3,53,1851.5200000000002,2328,1,0,0
2024-03-04 09:26:19,Truck_8,-44.6569,129.8625,418,In Transit,22.9,62.0,Detour,26,405,1,,62.3,124,0,3,4,9,0,0,0,1,0.7071067811865476,-0.7071067811865475,1.0,6.123233995736766e-17,44.6569,129.8625,137.3262816210357,3.344,294,1619.8,26,1419.8,405,0,1,0
2024-10-12 07:07:08,Truck_7,53.8186,-158.4252,124,Delayed,26.7,50.1,Clear,10,460,5,Mechanical Failure,69.4,130,1,10,12,7,5,1,0,0,0.9659258262890683,-0.25881904510252063,-0.8660254037844386,0.5000000000000001,53.8186,158.4252,167.31702155190308,0.9465648854961832,-6,694.0,0,1337.67,2300,0,0,1
2024-08-07 05:17:08,Truck_1,26.0226,103.2098,322,Delayed,25.0,57.7,Clear,15,190,4,Traffic,86.8,159,1,8,7,5,2,0,1,0,0.9659258262890683,0.25881904510252074,-0.8660254037844384,-0.5000000000000004,26.0226,103.2098,106.43983524414156,2.0125,163,1302.0,0,1442.5,760,0,0,1
2024-03-27 21:00:44,Truck_8,14.1508,-54.4659,351,Delivered,25.1,74.2,Heavy,54,223,9,Traffic,62.2,267,1,3,27,21,2,0,0,0,-0.7071067811865477,0.7071067811865474,1.0,6.123233995736766e-17,14.1508,54.4659,56.27414507080494,1.3097014925373134,84,3358.8,54,1862.42,2007,1,0,0
2024-10-03 07:39:13,Truck_4,22.8356,-12.873,350,In Transit,27.0,66.7,Detour,56,207,2,Mechanical Failure,64.0,248,0,10,3,7,3,0,0,0,0.9659258262890683,-0.25881904510252063,-0.8660254037844386,0.5000000000000001,22.8356,12.873,26.21409461263158,1.4056224899598393,102,3584.0,56,1800.9,414,0,1,0
2024-06-24 01:25:10,Truck_7,79.2334,166.4549,179,Delivered,20.6,53.6,Heavy,36,480,7,Mechanical Failure,72.1,246,1,6,24,1,0,0,1,0,0.25881904510252074,0.9659258262890683,1.2246467991473532e-16,-1.0,79.2334,166.4549,184.3506588259722,0.7246963562753036,-67,2595.6,36,1104.16,3360,1,0,0
2024-01-30 08:32:53,Truck_6,-9.0289,-69.4256,338,Delivered,27.3,70.1,Heavy,29,129,1,,82.4,281,1,1,30,8,1,0,0,1,0.8660254037844387,-0.4999999999999998,0.49999999999999994,0.8660254037844387,9.0289,69.4256,70.01024903947993,1.198581560283688,57,2389.6000000000004,29,1913.7299999999998,129,1,0,0
2024-01-15 07:48:38,Truck_10,71.2228,-86.3993,334,Delivered,28.9,62.8,Clear,15,106,5,Weather,97.2,127,0,1,15,7,0,0,0,0,0.9659258262890683,-0.25881904510252063,0.49999999999999994,0.8660254037844387,71.2228,86.3993,111.97109573604251,2.609375,207,1458.0,0,1814.9199999999998,530,0,0,1
2024-12-30 08:15:46,Truck_10,-29.6864,-88.6901,411,In Transit,19.0,55.4,Clear,14,409,7,,94.5,192,0,12,30,8,0,0,0,1,0.8660254037844387,-0.4999999999999998,-2.4492935982947064e-16,1.0,29.6864,88.6901,93.52655335769623,2.1295336787564767,219,1323.0,0,1052.6,2863,0,0,1
2024-08-01 21:42:48,Truck_7,-19.5759,-39.5531,481,Delayed,22.8,74.7,Detour,42,157,1,Weather,65.2,259,1,8,1,21,3,0,0,0,-0.7071067811865477,0.7071067811865474,-0.8660254037844384,-0.5000000000000004,19.5759,39.5531,44.132341660283565,1.85,222,2738.4,42,1703.16,157,0,1,0
2024-05-17 19:53:30,Truck_2,81.1,113.2247,224,Delayed,26.4,75.4,Detour,23,234,4,Mechanical Failure,86.6,131,1,5,17,19,4,0,0,0,-0.9659258262890684,0.2588190451025203,0.49999999999999994,-0.8660254037844387,81.1,113.2247,139.2732662433462,1.696969696969697,93,1991.8,23,1990.56,936,0,1,0
2024-02-04 05:26:36,Truck_8,32.7849,30.955,377,Delayed,19.5,51.0,Detour,11,226,8,Weather,64.1,266,1,2,4,5,6,1,1,0,0.9659258262890683,0.25881904510252074,0.8660254037844386,0.5000000000000001,32.7849,30.955,45.08948539304923,1.4119850187265917,111,705.0999999999999,11,994.5,1808,0,1,0
2024-07-18 13:12:46,Truck_7,49.048,4.8896,283,Delayed,19.6,75.5,Heavy,49,496,6,Weather,78.9,130,1,7,18,13,3,0,0,1,-0.2588190451025208,-0.9659258262890683,-0.4999999999999997,-0.8660254037844388,49.048,4.8896,49.29111981036747,2.1603053435114505,153,3866.1000000000004,49,1479.8000000000002,2976,1,0,0
2024-01-01 17:34:48,Truck_10,-13.9612,89.5342,174,Delayed,20.2,74.2,Detour,49,403,5,,83.5,227,1,1,1,17,0,0,0,1,-0.9659258262890683,-0.25881904510252063,0.49999999999999994,0.8660254037844387,13.9612,89.5342,90.61615791391732,0.7631578947368421,-53,4091.5,49,1498.84,2015,0,1,0
2024-09-08 14:29:17,Truck_4,64.4113,-121.7647,440,Delivered,20.4,62.4,Clear,35,199,10,,80.3,269,0,9,8,14,6,1,0,1,-0.4999999999999997,-0.8660254037844388,-1.0,-1.8369701987210297e-16,64.4113,121.7647,137.75143459790175,1.6296296296296295,171,2810.5,0,1272.9599999999998,1990,0,0,1
2024-02-26 03:25:37,Truck_2,-77.7986,-155.4098,497,Delayed,21.8,71.3,Heavy,22,424,2,Weather,79.8,168,1,2,26,3,0,0,1,0,0.7071067811865475,0.7071067811865476,0.8660254037844386,0.5000000000000001,77.7986,155.4098,173.79536270568326,2.940828402366864,329,1755.6,22,1554.34,848,1,0,0
2024-04-16 04:37:24,Truck_7,16.2591,175.1485,337,Delivered,21.1,64.4,Detour,49,226,2,Traffic,89.6,298,0,4,16,4,1,0,1,0,0.8660254037844386,0.5000000000000001,0.8660254037844387,-0.4999999999999998,16.2591,175.1485,175.90155026337888,1.1270903010033444,39,4390.4,49,1358.8400000000001,452,0,1,0
2024-12-11 17:39:51,Truck_10,30.6749,78.4743,315,Delivered,21.4,62.6,Heavy,27,482,9,Traffic,77.2,153,1,12,11,17,2,0,0,1,-0.9659258262890683,-0.25881904510252063,-2.4492935982947064e-16,1.0,30.6749,78.4743,84.25654425918499,2.0454545454545454,162,2084.4,27,1339.6399999999999,4338,1,0,0
2024-09-16 12:46:13,Truck_7,-18.0675,76.7802,219,Delivered,18.1,64.6,Clear,24,179,8,Weather,83.3,202,0,9,16,12,0,0,0,1,1.2246467991473532e-16,-1.0,-1.0,-1.8369701987210297e-16,18.0675,76.7802,78.87733304498828,1.0788177339901477,17,1999.1999999999998,0,1169.26,1432,0,0,1
2024-03-28 07:21:29,Truck_9,-30.5476,63.5282,148,Delayed,19.0,50.3,Detour,50,481,2,Mechanical Failure,87.3,243,1,3,28,7,3,0,0,0,0.9659258262890683,-0.25881904510252063,1.0,6.123233995736766e-17,30.5476,63.5282,70.49104950984912,0.6065573770491803,-95,4365.0,50,955.6999999999999,962,0,1,0
2024-04-28 03:36:13,Truck_6,-16.8317,-114.4787,205,In Transit,23.4,61.4,Clear,31,279,2,Traffic,79.1,118,0,4,28,3,6,1,1,0,0.7071067811865475,0.7071067811865476,0.8660254037844387,-0.4999999999999998,16.8317,114.4787,115.70945889848419,1.7226890756302522,87,2452.1,0,1436.76,558,0,0,1
2024-04-12 19:45:26,Truck_2,42.6126,-69.5408,243,In Transit,28.9,57.8,Clear,33,277,10,Traffic,84.4,151,0,4,12,19,4,0,0,0,-0.9659258262890684,0.2588190451025203,0.8660254037844387,-0.4999999999999998,42.6126,69.5408,81.55830149898905,1.5986842105263157,92,2785.2000000000003,0,1670.4199999999998,2770,0,0,1
2024-07-31 17:11:19,Truck_2,84.7161,77.1114,350,Delivered,23.7,59.8,Detour,42,188,10,,98.6,248,0,7,31,17,2,0,0,1,-0.9659258262890683,-0.25881904510252063,-0.4999999999999997,-0.8660254037844388,84.7161,77.1114,114.55560051420446,1.4056224899598393,102,4141.2,42,1417.26,1880,0,1,0
2024-01-04 19:58:15,Truck_4,-64.0954,-155.4074,272,Delayed,23.4,57.2,Clear,51,419,6,Mechanical Failure,63.1,159,1,1,4,19,3,0,0,0,-0.9659258262890684,0.2588190451025203,0.49999999999999994,0.8660254037844387,64.0954,155.4074,168.10615775729335,1.7,113,3218.1,0,1338.48,2514,0,0,1
2024-02-05 00:48:18,Truck_2,20.3388,-109.3313,378,In Transit,21.0,60.8,Heavy,30,318,3,Weather,84.8,181,1,2,5,0,0,0,1,0,0.0,1.0,0.8660254037844386,0.5000000000000001,20.3388,109.3313,111.20701392057067,2.076923076923077,197,2544.0,30,1276.8,954,1,0,0
2024-09-27 17:22:08,Truck_10,-14.5017,-20.1486,127,Delayed,23.7,51.2,Heavy,38,463,1,Traffic,78.9,272,1,9,27,17,4,0,0,1,-0.9659258262890683,-0.25881904510252063,-1.0,-1.8369701987210297e-16,14.5017,20.1486,24.82469304644067,0.4652014652014652,-145,2998.2000000000003,38,1213.44,463,1,0,0
2024-10-07 14:26:04,Truck_4,-35.3643,134.8909,275,In Transit,23.0,55.7,Clear,39,264,1,Mechanical Failure,64.4,281,0,10,7,14,0,0,0,1,-0.4999999999999997,-0.8660254037844388,-0.8660254037844386,0.5000000000000001,35.3643,134.8909,139.44959167132757,0.975177304964539,-6,2511.6000000000004,0,1281.1000000000001,264,0,0,1
2024-01-09 23:18:24,Truck_7,1.3295,83.6357,483,Delayed,28.6,72.4,Clear,51,243,1,Traffic,73.7,167,1,1,9,23,1,0,0,0,-0.25881904510252157,0.9659258262890681,0.49999999999999994,0.8660254037844387,1.3295,83.6357,83.64626641243468,2.875,316,3758.7000000000003,0,2070.6400000000003,243,0,0,1
2024-01-01 18:29:17,Truck_3,88.7652,-178.2706,179,Delayed,25.5,70.9,Detour,12,427,9,,60.3,157,1,1,1,18,0,0,0,0,-1.0,-1.8369701987210297e-16,0.49999999999999994,0.8660254037844387,88.7652,178.2706,199.14735136425995,1.1329113924050633,22,723.5999999999999,12,1807.95,3843,0,1,0
2024-12-18 08:24:56,Truck_3,54.493,24.5979,325,Delivered,26.4,53.7,Detour,49,495,3,Weather,79.5,145,0,12,18,8,2,0,0,1,0.8660254037844387,-0.4999999999999998,-2.4492935982947064e-16,1.0,54.493,24.5979,59.78748810085602,2.2260273972602738,180,3895.5,49,1417.68,1485,0,1,0
2024-01-16 09:47:08,Truck_10,49.7431,156.3216,256,Delivered,22.3,66.3,Heavy,10,462,1,Weather,95.5,276,1,1,16,9,1,0,0,1,0.7071067811865476,-0.7071067811865475,0.49999999999999994,0.8660254037844387,49.7431,156.3216,164.04517251101905,0.924187725631769,-20,955.0,10,1478.49,462,1,0,0
2024-09-12 03:14:24,Truck_4,-86.9357,-84.9718,405,In Transit,20.5,55.6,Heavy,25,442,4,Traffic,70.5,269,1,9,12,3,3,0,1,0,0.7071067811865475,0.7071067811865476,-1.0,-1.8369701987210297e-16,86.9357,84.9718,121.56489102421801,1.5,136,1762.5,25,1139.8,1768,1,0,0
2024-11-16 01:47:31,Truck_5,-59.6078,157.02,428,Delayed,23.5,67.3,Heavy,33,152,8,,71.3,300,1,11,16,1,5,1,1,0,0.25881904510252074,0.9659258262890683,-0.5000000000000004,0.8660254037844384,59.6078,157.02,167.95347635830586,1.4219269102990033,128,2352.9,33,1581.55,1216,1,0,0
2024-05-22 04:50:14,Truck_1,-10.9298,-89.0306,247,Delayed,18.3,56.7,Heavy,60,194,6,,66.8,192,1,5,22,4,2,0,1,0,0.8660254037844386,0.5000000000000001,0.49999999999999994,-0.8660254037844387,10.9298,89.0306,89.69898697532766,1.2797927461139897,55,4008.0,60,1037.6100000000001,1164,1,0,0
2024-06-03 20:17:37,Truck_8,-54.3571,-133.1938,276,Delivered,19.6,53.4,Heavy,38,408,2,Traffic,89.2,118,1,6,3,20,0,0,0,0,-0.8660254037844386,0.5000000000000001,1.2246467991473532e-16,-1.0,54.3571,133.1938,143.85855094101984,2.319327731092437,158,3389.6,38,1046.64,816,1,0,0
2024-03-17 00:18:41,Truck_8,-82.1754,-169.4219,410,Delivered,25.0,72.9,Clear,21,306,2,Traffic,71.2,132,0,3,17,0,6,1,1,0,0.0,1.0,1.0,6.123233995736766e-17,82.1754,169.4219,188.29916772192593,3.082706766917293,278,1495.2,0,1822.5000000000002,612,0,0,1
2024-07-21 09:43:53,Truck_1,-11.3631,83.0819,449,Delivered,28.8,76.2,Clear,31,234,8,Traffic,91.7,129,0,7,21,9,6,1,0,1,0.7071067811865476,-0.7071067811865475,-0.4999999999999997,-0.8660254037844388,11.3631,83.0819,83.85536446298472,3.453846153846154,320,2842.7000000000003,0,2194.56,1872,0,0,1
2024-04-05 06:44:52,Truck_6,-48.3838,-163.1177,403,Delivered,19.4,70.3,Clear,43,238,5,Mechanical Failure,79.7,202,0,4,5,6,4,0,0,0,1.0,6.123233995736766e-17,0.8660254037844387,-0.4999999999999998,48.3838,163.1177,170.142223318405,1.9852216748768472,201,3427.1,0,1363.82,1190,0,0,1
2024-01-16 17:28:55,Truck_7,7.0557,-122.6525,380,Delayed,27.1,71.5,Clear,23,373,3,Mechanical Failure,97.1,286,1,1,16,17,1,0,0,1,-0.9659258262890683,-0.25881904510252063,0.49999999999999994,0.8660254037844387,7.0557,122.6525,122.85527525808568,1.32404181184669,94,2233.2999999999997,0,1937.65,1119,0,0,1
2024-12-18 01:23:54,Truck_5,-1.0776,51.9075,417,In Transit,27.0,62.8,Heavy,33,373,1,Weather,74.1,122,1,12,18,1,2,0,1,0,0.25881904510252074,0.9659258262890683,-2.4492935982947064e-16,1.0,1.0776,51.9075,51.91868428619893,3.3902439024390243,295,2445.2999999999997,33,1695.6,373,1,0,0
2024-12-18 14:40:09,Truck_1,-81.5733,-17.3787,169,Delayed,28.4,74.4,Heavy,53,342,6,Traffic,98.1,179,1,12,18,14,2,0,0,1,-0.4999999999999997,-0.8660254037844388,-2.4492935982947064e-16,1.0,81.5733,17.3787,83.40397164751808,0.9388888888888889,-10,5199.299999999999,53,2112.96,2052,1,0,0
2024-03-04 09:04:38,Truck_7,75.2109,170.3371,382,Delayed,22.2,63.2,Clear,12,467,6,,80.6,210,1,3,4,9,0,0,0,1,0.7071067811865476,-0.7071067811865475,1.0,6.123233995736766e-17,75.2109,170.3371,186.20259696153542,1.8104265402843602,172,967.1999999999999,0,1403.04,2802,0,0,1
2024-11-08 02:08:22,Truck_6,-21.4288,-164.2915,404,Delayed,18.8,69.3,Detour,59,307,10,Weather,67.7,223,1,11,8,2,4,0,1,0,0.49999999999999994,0.8660254037844387,-0.5000000000000004,0.8660254037844384,21.4288,164.2915,165.6831024627738,1.8035714285714286,181,3994.3,59,1302.84,3070,0,1,0
2024-05-22 03:32:11,Truck_8,-49.145,-120.0898,399,Delayed,20.1,74.2,Detour,54,317,8,Mechanical Failure,88.2,143,1,5,22,3,2,0,1,0,0.7071067811865475,0.7071067811865476,0.49999999999999994,-0.8660254037844387,49.145,120.0898,129.7566610584597,2.7708333333333335,256,4762.8,54,1491.42,2536,0,1,0
2024-07-16 02:28:08,Truck_1,-87.3835,60.4609,271,Delivered,24.6,73.0,Detour,53,382,3,,94.1,166,0,7,16,2,1,0,1,0,0.49999999999999994,0.8660254037844387,-0.4999999999999997,-0.8660254037844388,87.3835,60.4609,106.26098296675032,1.622754491017964,105,4987.299999999999,53,1795.8000000000002,1146,0,1,0
2024-01-20 21:06:05,Truck_1,69.6413,1.4327,332,Delayed,18.8,74.7,Heavy,16,279,2,,61.8,289,1,1,20,21,5,1,0,0,-0.7071067811865477,0.7071067811865474,0.49999999999999994,0.8660254037844387,69.6413,1.4327,69.65603559620659,1.1448275862068966,43,988.8,16,1404.3600000000001,558,1,0,0
2024-04-16 03:03:08,Truck_5,19.9466,-104.4665,445,Delivered,25.7,50.8,Heavy,28,414,2,Weather,75.5,140,1,4,16,3,1,0,1,0,0.7071067811865475,0.7071067811865476,0.8660254037844387,-0.4999999999999998,19.9466,104.4665,106.35373276857752,3.1560283687943262,305,2114.0,28,1305.56,828,1,0,0
2024-02-07 04:52:21,Truck_6,19.5573,171.8697,426,In Transit,23.6,58.0,Heavy,47,263,1,Traffic,92.9,136,1,2,7,4,2,0,1,0,0.8660254037844386,0.5000000000000001,0.8660254037844386,0.5000000000000001,19.5573,171.8697,172.97884772821212,3.1094890510948905,290,4366.3,47,1368.8000000000002,263,1,0,0
2024-01-16 04:10:14,Truck_6,-46.9621,87.6972,419,In Transit,27.0,56.7,Detour,25,378,2,,74.3,212,0,1,16,4,1,0,1,0,0.8660254037844386,0.5000000000000001,0.49999999999999994,0.8660254037844387,46.9621,87.6972,99.47983576710408,1.9671361502347418,207,1857.5,25,1530.9,756,0,1,0
2024-01-12 02:20:39,Truck_4,-34.4433,-4.0669,128,Delayed,29.0,71.0,Detour,12,404,8,Traffic,81.3,272,1,1,12,2,4,0,1,0,0.49999999999999994,0.8660254037844387,0.49999999999999994,0.8660254037844387,34.4433,4.0669,34.682568972035504,0.46886446886446886,-144,975.5999999999999,12,2059.0,3232,0,1,0
2024-10-16 20:45:23,Truck_9,-7.8199,-78.215,200,In Transit,19.2,67.7,Heavy,11,349,6,,73.6,299,1,10,16,20,2,0,0,0,-0.8660254037844386,0.5000000000000001,-0.8660254037844386,0.5000000000000001,7.8199,78.215,78.60494298076935,0.6666666666666666,-99,809.5999999999999,11,1299.84,2094,1,0,0
2024-08-01 09:16:16,Truck_8,11.6611,44.7505,434,Delivered,29.4,76.3,Heavy,30,166,1,,94.6,220,1,8,1,9,3,0,0,1,0.7071067811865476,-0.7071067811865475,-0.8660254037844384,-0.5000000000000004,11.6611,44.7505,46.244875429175934,1.9638009049773755,214,2838.0,30,2243.22,166,1,0,0
2024-01-13 21:07:39,Truck_1,-12.4175,135.9866,339,Delayed,26.4,73.8,Clear,58,488,3,,89.3,299,1,1,13,21,5,1,0,0,-0.7071067811865477,0.7071067811865474,0.49999999999999994,0.8660254037844387,12.4175,135.9866,136.55236975537994,1.13,40,5179.4,0,1948.3199999999997,1464,0,0,1
2024-03-27 04:33:58,Truck_10,-79.3451,-52.5151,224,Delivered,19.0,79.9,Heavy,17,139,4,Weather,96.1,279,1,3,27,4,2,0,1,0,0.8660254037844386,0.5000000000000001,1.0,6.123233995736766e-17,79.3451,52.5151,95.14977993679229,0.8,-55,1633.6999999999998,17,1518.1000000000001,556,1,0,0
2024-04-25 10:07:09,Truck_8,71.7196,-107.3427,146,Delayed,26.0,57.2,Clear,47,188,4,Mechanical Failure,76.0,131,1,4,25,10,3,0,0,1,0.49999999999999994,-0.8660254037844387,0.8660254037844387,-0.4999999999999998,71.7196,107.3427,129.09746809078015,1.106060606060606,15,3572.0,0,1487.2,752,0,0,1
2024-08-20 01:28:08,Truck_4,-69.6585,23.6323,177,In Transit,18.6,74.5,Heavy,16,429,1,Traffic,72.4,132,1,8,20,1,1,0,1,0,0.25881904510252074,0.9659258262890683,-0.8660254037844384,-0.5000000000000004,69.6585,23.6323,73.5580874244294,1.330827067669173,45,1158.4,16,1385.7,429,1,0,0
2024-07-02 13:50:19,Truck_1,67.365,71.5047,316,Delayed,26.4,60.0,Detour,36,274,1,Weather,68.2,218,1,7,2,13,1,0,0,1,-0.2588190451025208,-0.9659258262890683,-0.4999999999999997,-0.8660254037844388,67.365,71.5047,98.23932688638496,1.4429223744292237,98,2455.2000000000003,36,1584.0,274,0,1,0
2024-07-06 13:05:43,Truck_9,-31.9611,-75.8092,458,In Transit,25.0,79.6,Heavy,56,303,1,,73.8,206,1,7,6,13,5,1,0,1,-0.2588190451025208,-0.9659258262890683,-0.4999999999999997,-0.8660254037844388,31.9611,75.8092,82.27117792915087,2.21256038647343,252,4132.8,56,1989.9999999999998,303,1,0,0
2024-06-16 11:37:07,Truck_4,-82.4812,139.058,481,Delivered,24.0,72.5,Detour,34,152,4,Mechanical Failure,79.8,299,0,6,16,11,6,1,0,1,0.258819045102521,-0.9659258262890682,1.2246467991473532e-16,-1.0,82.4812,139.058,161.67954637937353,1.6033333333333333,182,2713.2,34,1740.0,608,0,1,0
2024-06-12 09:44:35,Truck_5,25.3254,132.6264,231,Delivered,19.4,66.6,Heavy,32,289,8,Mechanical Failure,77.6,240,1,6,12,9,2,0,0,1,0.7071067811865476,-0.7071067811865475,1.2246467991473532e-16,-1.0,25.3254,132.6264,135.02273090898436,0.9585062240663901,-9,2483.2,32,1292.0399999999997,2312,1,0,0
2024-07-20 20:03:39,Truck_5,40.7401,110.4737,129,Delivered,19.2,77.9,Detour,11,448,4,,68.9,132,0,7,20,20,5,1,0,0,-0.8660254037844386,0.5000000000000001,-0.4999999999999997,-0.8660254037844388,40.7401,110.4737,117.74631263738155,0.9699248120300752,-3,757.9000000000001,11,1495.68,1792,0,1,0
2024-10-16 14:41:08,Truck_1,-53.779,30.8863,398,Delivered,29.1,75.3,Detour,58,172,1,Traffic,99.3,194,0,10,16,14,2,0,0,1,-0.4999999999999997,-0.8660254037844388,-0.8660254037844386,0.5000000000000001,53.779,30.8863,62.01729088480083,2.041025641025641,204,5759.4,58,2191.23,172,0,1,0
2024-09-02 03:17:19,Truck_5,-39.3791,-53.1316,149,Delayed,19.8,51.3,Heavy,24,386,6,Mechanical Failure,87.2,208,1,9,2,3,0,0,1,0,0.7071067811865475,0.7071067811865476,-1.0,-1.8369701987210297e-16,39.3791,53.1316,66.13380705335207,0.7129186602870813,-59,2092.8,24,1015.74,2316,1,0,0
2024-07-20 16:26:17,Truck_5,46.2788,41.3453,338,In Transit,20.6,65.0,Detour,56,421,2,Mechanical Failure,86.9,142,0,7,20,16,5,1,0,1,-0.8660254037844384,-0.5000000000000004,-0.4999999999999997,-0.8660254037844388,46.2788,41.3453,62.05772443080716,2.3636363636363638,196,4866.400000000001,56,1339.0,842,0,1,0
2024-08-19 00:05:12,Truck_7,-65.9199,-160.2292,252,In Transit,27.1,59.8,Detour,53,457,8,Traffic,95.4,273,0,8,19,0,0,0,1,0,0.0,1.0,-0.8660254037844384,-0.5000000000000004,65.9199,160.2292,173.2594290324483,0.9197080291970803,-21,5056.200000000001,53,1620.58,3656,0,1,0
2024-03-04 10:19:51,Truck_5,-32.2707,98.1472,330,Delivered,26.5,59.2,Clear,51,274,3,Traffic,69.1,139,0,3,4,10,0,0,0,1,0.49999999999999994,-0.8660254037844387,1.0,6.123233995736766e-17,32.2707,98.1472,103.31636340062498,2.357142857142857,191,3524.1,0,1568.8000000000002,822,0,0,1
2024-10-01 07:42:57,Truck_5,73.392,-62.3138,464,Delayed,28.2,61.4,Heavy,20,177,3,Weather,60.3,279,1,10,1,7,1,0,0,0,0.9659258262890683,-0.25881904510252063,-0.8660254037844386,0.5000000000000001,73.392,62.3138,96.27769905040316,1.6571428571428573,185,1206.0,20,1731.48,531,1,0,0
2024-02-02 12:51:41,Truck_8,77.7678,-165.1979,141,Delayed,27.7,55.0,Clear,12,432,10,Mechanical Failure,87.5,278,1,2,2,12,4,0,0,1,1.2246467991473532e-16,-1.0,0.8660254037844386,0.5000000000000001,77.7678,165.1979,182.58744995549392,0.5053763440860215,-137,1050.0,0,1523.5,4320,0,0,1
2024-10-31 06:24:27,Truck_5,-2.8228,75.2804,463,In Transit,19.5,64.4,Detour,32,244,1,Traffic,69.8,294,0,10,31,6,3,0,0,0,1.0,6.123233995736766e-17,-0.8660254037844386,0.5000000000000001,2.8228,75.2804,75.33330487905067,1.5694915254237287,169,2233.6,32,1255.8000000000002,244,0,1,0
2024-12-01 04:41:08,Truck_8,-74.278,137.456,223,In Transit,25.2,54.1,Detour,45,121,1,Mechanical Failure,85.9,153,0,12,1,4,6,1,1,0,0.8660254037844386,0.5000000000000001,-2.4492935982947064e-16,1.0,74.278,137.456,156.24139406700135,1.448051948051948,70,3865.5000000000005,45,1363.32,121,0,1,0
2024-03-15 02:17:56,Truck_10,-21.5797,129.7599,301,In Transit,18.5,75.3,Clear,39,140,6,Weather,78.5,208,0,3,15,2,4,0,1,0,0.49999999999999994,0.8660254037844387,1.0,6.123233995736766e-17,21.5797,129.7599,131.54206589566698,1.4401913875598087,93,3061.5,0,1393.05,840,0,0,1
2024-03-05 22:52:24,Truck_10,35.9521,5.775,195,Delivered,26.9,79.8,Clear,57,190,2,Traffic,60.6,235,0,3,5,22,1,0,0,0,-0.5000000000000004,0.8660254037844384,1.0,6.123233995736766e-17,35.9521,5.775,36.41296636378311,0.826271186440678,-40,3454.2000000000003,0,2146.62,380,0,0,1
2024-10-26 23:46:59,Truck_7,-8.7267,-140.3988,310,Delivered,23.8,72.4,Clear,53,277,4,Mechanical Failure,91.3,122,0,10,26,23,5,1,0,0,-0.25881904510252157,0.9659258262890681,-0.8660254037844386,0.5000000000000001,8.7267,140.3988,140.66974917987875,2.5203252032520327,188,4838.9,0,1723.1200000000001,1108,0,0,1
2024-03-17 17:11:29,Truck_2,-56.1219,135.4235,100,In Transit,23.6,64.3,Detour,29,276,5,Mechanical Failure,89.1,198,0,3,17,17,6,1,0,1,-0.9659258262890683,-0.25881904510252063,1.0,6.123233995736766e-17,56.1219,135.4235,146.59192341960727,0.5025125628140703,-98,2583.8999999999996,29,1517.48,1380,0,1,0
2024-01-13 15:51:27,Truck_1,23.2259,110.6901,147,In Transit,18.7,68.5,Heavy,25,439,9,,75.2,266,1,1,13,15,5,1,0,1,-0.7071067811865471,-0.7071067811865479,0.49999999999999994,0.8660254037844387,23.2259,110.6901,113.10057766793237,0.550561797752809,-119,1880.0,25,1280.95,3951,1,0,0
2024-05-30 23:00:59,Truck_9,-53.6993,79.0096,251,Delayed,22.8,62.9,Heavy,52,173,3,Mechanical Failure,72.9,268,1,5,30,23,3,0,0,0,-0.25881904510252157,0.9659258262890681,0.49999999999999994,-0.8660254037844387,53.6993,79.0096,95.53078934380267,0.9330855018587361,-17,3790.8,52,1434.1200000000001,519,1,0,0
2024-07-31 22:57:20,Truck_7,-3.822,-40.3169,108,Delivered,26.6,61.7,Detour,47,122,7,Weather,64.6,116,0,7,31,22,2,0,0,0,-0.5000000000000004,0.8660254037844384,-0.4999999999999997,-0.8660254037844388,3.822,40.3169,40.497655606343436,0.9230769230769231,-8,3036.2,47,1641.2200000000003,854,0,1,0
2024-06-13 04:47:01,Truck_6,-48.053,-175.0849,340,In Transit,27.9,69.1,Clear,32,162,2,Weather,90.9,300,0,6,13,4,3,0,1,0,0.8660254037844386,0.5000000000000001,1.2246467991473532e-16,-1.0,48.053,175.0849,181.55939253315978,1.1295681063122924,40,2908.8,0,1927.8899999999996,324,0,0,1
2024-07-06 15:59:22,Truck_3,68.132,-51.5071,167,Delayed,21.6,54.6,Clear,46,240,10,Weather,60.5,278,1,7,6,15,5,1,0,1,-0.7071067811865471,-0.7071067811865479,-0.4999999999999997,-0.8660254037844388,68.132,51.5071,85.41048398416906,0.5985663082437276,-111,2783.0,0,1179.3600000000001,2400,0,0,1
2024-02-28 12:30:38,Truck_3,-80.4289,177.558,488,Delivered,24.9,79.2,Heavy,52,290,10,Traffic,82.5,248,1,2,28,12,2,0,0,1,1.2246467991473532e-16,-1.0,0.8660254037844386,0.5000000000000001,80.4289,177.558,194.92473244616752,1.9598393574297188,240,4290.0,52,1972.08,2900,1,0,0
2024-03-22 06:45:28,Truck_8,42.9526,146.6224,330,Delivered,24.4,79.5,Clear,19,110,7,,66.3,109,0,3,22,6,4,0,0,0,1.0,6.123233995736766e-17,1.0,6.123233995736766e-17,42.9526,146.6224,152.78433829591305,3.0,221,1259.7,0,1939.8,770,0,0,1
2024-01-29 19:22:37,Truck_9,-40.5556,55.0777,177,Delivered,25.6,71.9,Detour,20,193,6,Mechanical Failure,95.5,182,0,1,29,19,0,0,0,0,-0.9659258262890684,0.2588190451025203,0.49999999999999994,0.8660254037844387,40.5556,55.0777,68.39817050660054,0.9672131147540983,-5,1910.0,20,1840.6400000000003,1158,0,1,0
2024-07-09 02:11:05,Truck_4,-12.7845,-147.2449,132,Delivered,22.9,66.5,Clear,35,209,6,Mechanical Failure,94.3,122,0,7,9,2,1,0,1,0,0.49999999999999994,0.8660254037844387,-0.4999999999999997,-0.8660254037844388,12.7845,147.2449,147.79886337945905,1.0731707317073171,10,3300.5,0,1522.85,1254,0,0,1
2024-06-20 13:30:09,Truck_6,-63.6304,164.185,208,Delayed,22.5,65.9,Heavy,38,462,7,Weather,83.1,193,1,6,20,13,3,0,0,1,-0.2588190451025208,-0.9659258262890683,1.2246467991473532e-16,-1.0,63.6304,164.185,176.08390621848437,1.0721649484536082,15,3157.7999999999997,38,1482.7500000000002,3234,1,0,0
2024-06-01 00:41:56,Truck_6,21.8816,128.7922,348,Delayed,25.8,62.9,Detour,24,352,6,Weather,96.5,164,1,6,1,0,5,1,1,0,0.0,1.0,1.2246467991473532e-16,-1.0,21.8816,128.7922,130.63780157136756,2.109090909090909,184,2316.0,24,1622.82,2112,0,1,0
2024-03-23 20:27:30,Truck_4,-85.9619,103.5733,156,In Transit,19.4,75.2,Heavy,44,135,1,Weather,66.6,108,1,3,23,20,5,1,0,0,-0.8660254037844386,0.5000000000000001,1.0,6.123233995736766e-17,85.9619,103.5733,134.59894770948247,1.4311926605504588,48,2930.3999999999996,44,1458.8799999999999,135,1,0,0
2024-04-18 04:50:13,Truck_5,-36.6154,-46.3008,468,Delivered,26.6,59.0,Heavy,16,144,4,Weather,86.8,276,1,4,18,4,3,0,1,0,0.8660254037844386,0.5000000000000001,0.8660254037844387,-0.4999999999999998,36.6154,46.3008,59.02924358146562,1.6895306859205776,192,1388.8,16,1569.4,576,1,0,0
2024-06-26 09:25:46,Truck_7,-85.0916,68.3039,142,Delayed,28.4,67.3,Detour,30,181,6,Weather,84.3,104,1,6,26,9,2,0,0,1,0.7071067811865476,-0.7071067811865475,1.2246467991473532e-16,-1.0,85.0916,68.3039,109.11463305061334,1.3523809523809525,38,2529.0,30,1911.32,1086,0,1,0
2024-02-04 01:08:26,Truck_10,-13.6168,-165.0825,349,In Transit,21.1,55.1,Heavy,13,453,10,Weather,65.1,111,1,2,4,1,6,1,1,0,0.25881904510252074,0.9659258262890683,0.8660254037844386,0.5000000000000001,13.6168,165.0825,165.64313764382152,3.1160714285714284,238,846.3,13,1162.6100000000001,4530,1,0,0
2024-04-01 16:27:12,Truck_4,42.6032,146.1485,226,Delivered,23.9,61.2,Heavy,13,211,2,Mechanical Failure,67.5,232,1,4,1,16,0,0,0,1,-0.8660254037844384,-0.5000000000000004,0.8660254037844387,-0.4999999999999998,42.6032,146.1485,152.2314576639467,0.9699570815450643,-6,877.5,13,1462.68,422,1,0,0
2024-08-14 21:28:50,Truck_2,86.8195,-21.0786,481,In Transit,22.4,77.9,Detour,25,143,8,Traffic,71.4,124,0,8,14,21,2,0,0,0,-0.7071067811865477,0.7071067811865474,-0.8660254037844384,-0.5000000000000004,86.8195,21.0786,89.34166417864624,3.848,357,1785.0000000000002,25,1744.96,1144,0,1,0
2024-10-03 18:21:52,Truck_5,-82.6294,-72.3332,448,Delivered,20.1,65.7,Clear,20,180,7,Mechanical Failure,61.7,253,0,10,3,18,3,0,0,0,-1.0,-1.8369701987210297e-16,-0.8660254037844386,0.5000000000000001,82.6294,72.3332,109.81670895906507,1.763779527559055,195,1234.0,0,1320.5700000000002,1260,0,0,1
2024-03-25 12:22:10,Truck_5,41.9728,81.4274,441,Delayed,18.9,67.0,Detour,48,359,8,Mechanical Failure,76.0,300,1,3,25,12,0,0,0,1,1.2246467991473532e-16,-1.0,1.0,6.123233995736766e-17,41.9728,81.4274,91.60860991522577,1.4651162790697674,141,3648.0,48,1266.3,2872,0,1,0
2024-09-12 22:46:47,Truck_10,-7.3863,-44.8767,470,Delivered,25.1,70.3,Heavy,11,417,3,Mechanical Failure,76.5,126,1,9,12,22,3,0,0,0,-0.5000000000000004,0.8660254037844384,-1.0,-1.8369701987210297e-16,7.3863,44.8767,45.4804972551972,3.7007874015748032,344,841.5,11,1764.53,1251,1,0,0
2024-05-03 22:24:53,Truck_10,-21.2573,12.4574,459,In Transit,26.4,50.6,Heavy,17,222,9,Traffic,94.9,265,1,5,3,22,4,0,0,0,-0.5000000000000004,0.8660254037844384,0.49999999999999994,-0.8660254037844387,21.2573,12.4574,24.638579870804243,1.7255639097744362,194,1613.3000000000002,17,1335.84,1998,1,0,0
2024-05-27 09:56:34,Truck_6,-33.9378,-176.3102,324,In Transit,27.7,54.8,Clear,46,344,10,Traffic,70.7,105,0,5,27,9,0,0,0,1,0.7071067811865476,-0.7071067811865475,0.49999999999999994,-0.8660254037844387,33.9378,176.3102,179.54682089327008,3.056603773584906,219,3252.2000000000003,0,1517.9599999999998,3440,0,0,1
2024-05-25 08:35:36,Truck_8,23.9115,179.0046,194,Delayed,24.9,57.9,Detour,10,220,3,,77.3,172,1,5,25,8,5,1,0,1,0.8660254037844387,-0.4999999999999998,0.49999999999999994,-0.8660254037844387,23.9115,179.0046,180.59459198273353,1.1213872832369942,22,773.0,10,1441.7099999999998,660,0,1,0
2024-03-20 08:55:41,Truck_9,-80.5196,-2.9668,334,Delivered,22.8,61.1,Clear,52,389,2,Traffic,88.0,123,0,3,20,8,2,0,0,1,0.8660254037844387,-0.4999999999999998,1.0,6.123233995736766e-17,80.5196,2.9668,80.57423835445172,2.693548387096774,211,4576.0,0,1393.0800000000002,778,0,0,1
2024-05-23 15:33:36,Truck_2,45.8603,148.4775,179,Delivered,25.5,75.8,Clear,19,139,9,Traffic,83.5,282,0,5,23,15,3,0,0,1,-0.7071067811865471,-0.7071067811865479,0.49999999999999994,-0.8660254037844387,45.8603,148.4775,155.39863294874894,0.6325088339222615,-103,1586.5,0,1932.8999999999999,1251,0,0,1
2024-10-19 23:58:05,Truck_8,60.0491,-175.5019,401,Delayed,27.1,67.2,Detour,51,487,3,Weather,86.3,238,1,10,19,23,5,1,0,0,-0.25881904510252157,0.9659258262890681,-0.8660254037844386,0.5000000000000001,60.0491,175.5019,185.4907310741429,1.6778242677824269,163,4401.3,51,1821.1200000000001,1461,0,1,0
2024-04-11 04:39:16,Truck_10,-33.9528,-54.2201,384,In Transit,24.2,72.5,Heavy,50,131,3,Weather,80.1,141,1,4,11,4,3,0,1,0,0.8660254037844386,0.5000000000000001,0.8660254037844387,-0.4999999999999998,33.9528,54.2201,63.973524772752675,2.704225352112676,243,4004.9999999999995,50,1754.5,393,1,0,0
2024-03-10 06:12:13,Truck_9,7.9549,-109.2897,434,Delivered,22.0,69.2,Heavy,17,233,10,,63.4,138,1,3,10,6,6,1,0,0,1.0,6.123233995736766e-17,1.0,6.123233995736766e-17,7.9549,109.2897,109.57882532725014,3.1223021582733814,296,1077.8,17,1522.4,2330,1,0,0
2024-12-28 10:46:03,Truck_10,-6.9237,20.9631,366,Delayed,18.7,59.1,Detour,39,466,6,Traffic,82.7,109,1,12,28,10,5,1,0,1,0.49999999999999994,-0.8660254037844387,-2.4492935982947064e-16,1.0,6.9237,20.9631,22.07689251910241,3.327272727272727,257,3225.3,39,1105.17,2796,0,1,0
2024-05-06 07:22:22,Truck_3,-80.5883,-167.4673,269,In Transit,27.7,57.5,Detour,54,288,6,,89.8,116,0,5,6,7,0,0,0,0,0.9659258262890683,-0.25881904510252063,0.49999999999999994,-0.8660254037844387,80.5883,167.4673,185.8487844086692,2.299145299145299,153,4849.2,54,1592.75,1728,0,1,0
2024-01-17 04:29:26,Truck_1,-60.3563,95.7232,292,Delivered,22.7,61.0,Clear,42,358,9,Mechanical Failure,77.7,256,0,1,17,4,2,0,1,0,0.8660254037844386,0.5000000000000001,0.49999999999999994,0.8660254037844387,60.3563,95.7232,113.1627764237428,1.1361867704280155,36,3263.4,0,1384.7,3222,0,0,1
2024-09-28 01:41:47,Truck_6,-83.3207,19.9119,288,Delivered,25.4,62.0,Clear,54,154,2,Traffic,71.9,211,0,9,28,1,5,1,1,0,0.25881904510252074,0.9659258262890683,-1.0,-1.8369701987210297e-16,83.3207,19.9119,85.66692950082897,1.3584905660377358,77,3882.6000000000004,0,1574.8,308,0,0,1
2024-03-06 02:39:46,Truck_8,-54.4964,-93.8603,286,Delivered,20.7,59.0,Heavy,43,387,4,Traffic,60.7,134,1,3,6,2,2,0,1,0,0.49999999999999994,0.8660254037844387,1.0,6.123233995736766e-17,54.4964,93.8603,108.53392800894105,2.1185185185185187,152,2610.1,43,1221.3,1548,1,0,0
2024-08-16 05:55:39,Truck_7,66.5399,160.551,155,Delayed,24.0,72.4,Detour,28,398,6,Traffic,63.8,278,1,8,16,5,4,0,1,0,0.9659258262890683,0.25881904510252074,-0.8660254037844384,-0.5000000000000004,66.5399,160.551,173.79350359840842,0.5555555555555556,-123,1786.3999999999999,28,1737.6000000000001,2388,0,1,0
2024-08-07 09:39:53,Truck_8,16.1144,-24.4118,488,Delivered,26.5,66.6,Heavy,41,104,1,Mechanical Failure,67.1,151,1,8,7,9,2,0,0,1,0.7071067811865476,-0.7071067811865475,-0.8660254037844384,-0.5000000000000004,16.1144,24.4118,29.250809674263717,3.210526315789474,337,2751.1,41,1764.8999999999999,104,1,0,0
2024-04-30 20:36:22,Truck_8,-84.9601,17.4992,386,In Transit,21.8,79.7,Detour,15,463,1,Traffic,75.0,224,0,4,30,20,1,0,0,0,-0.8660254037844386,0.5000000000000001,0.8660254037844387,-0.4999999999999998,84.9601,17.4992,86.743533434199,1.7155555555555555,162,1125.0,15,1737.46,463,0,1,0
2024-07-03 12:38:53,Truck_3,-62.6441,-34.4446,153,Delivered,20.7,55.3,Detour,55,304,8,,79.5,147,0,7,3,12,2,0,0,1,1.2246467991473532e-16,-1.0,-0.4999999999999997,-0.8660254037844388,62.6441,34.4446,71.48925607369264,1.0337837837837838,6,4372.5,55,1144.7099999999998,2432,0,1,0
2024-04-27 09:13:01,Truck_5,82.9727,171.1469,317,Delayed,26.5,52.7,Heavy,37,427,2,Traffic,69.9,233,1,4,27,9,5,1,0,1,0.7071067811865476,-0.7071067811865475,0.8660254037844387,-0.4999999999999998,82.9727,171.1469,190.19918592070786,1.3547008547008548,84,2586.3,37,1396.5500000000002,854,1,0,0
2024-12-11 16:22:11,Truck_5,-50.8081,11.3148,281,In Transit,28.0,73.5,Detour,43,390,5,Mechanical Failure,86.4,153,0,12,11,16,2,0,0,1,-0.8660254037844384,-0.5000000000000004,-2.4492935982947064e-16,1.0,50.8081,11.3148,52.05273983807193,1.8246753246753247,128,3715.2000000000003,43,2058.0,1950,0,1,0
2024-04-30 19:31:45,Truck_8,67.8612,174.7961,473,Delayed,24.8,61.7,Heavy,19,360,10,Weather,97.3,186,1,4,30,19,1,0,0,0,-0.9659258262890684,0.2588190451025203,0.8660254037844387,-0.4999999999999998,67.8612,174.7961,187.50685064991626,2.5294117647058822,287,1848.7,19,1530.16,3600,1,0,0
2024-03-26 15:40:51,Truck_7,52.0415,-64.6403,221,Delivered,25.2,68.5,Detour,41,101,9,,99.3,287,0,3,26,15,1,0,0,1,-0.7071067811865471,-0.7071067811865479,1.0,6.123233995736766e-17,52.0415,64.6403,82.98605971089361,0.7673611111111112,-66,4071.2999999999997,41,1726.2,909,0,1,0
2024-02-19 23:24:03,Truck_2,-74.9003,146.0765,276,In Transit,29.2,77.1,Clear,39,483,7,,71.5,157,0,2,19,23,0,0,0,0,-0.25881904510252157,0.9659258262890681,0.8660254037844386,0.5000000000000001,74.9003,146.0765,164.1596746839491,1.7468354430379747,119,2788.5,0,2251.3199999999997,3381,0,0,1
2024-09-15 01:08:22,Truck_5,-10.7414,-56.5849,331,Delivered,21.6,61.2,Heavy,24,450,8,Traffic,64.4,123,1,9,15,1,6,1,1,0,0.25881904510252074,0.9659258262890683,-1.0,-1.8369701987210297e-16,10.7414,56.5849,57.595386811532045,2.6693548387096775,208,1545.6000000000001,24,1321.92,3600,1,0,0
2024-05-07 12:49:54,Truck_2,77.436,42.529,249,Delivered,24.3,78.8,Heavy,13,125,2,Mechanical Failure,78.7,165,1,5,7,12,1,0,0,1,1.2246467991473532e-16,-1.0,0.49999999999999994,-0.8660254037844387,77.436,42.529,88.3461936757889,1.5,84,1023.1,13,1914.84,250,1,0,0
2024-06-30 04:50:57,Truck_1,-39.701,158.9084,379,Delayed,23.8,78.8,Detour,22,361,5,Weather,89.3,112,1,6,30,4,6,1,1,0,0.8660254037844386,0.5000000000000001,1.2246467991473532e-16,-1.0,39.701,158.9084,163.79270127682736,3.353982300884956,267,1964.6,22,1875.44,1805,0,1,0
2024-11-08 03:31:33,Truck_10,65.9337,130.6003,489,In Transit,18.4,59.9,Detour,28,136,9,Traffic,74.3,272,0,11,8,3,4,0,1,0,0.7071067811865475,0.7071067811865476,-0.5000000000000004,0.8660254037844384,65.9337,130.6003,146.30000395003412,1.7912087912087913,217,2080.4,28,1102.1599999999999,1224,0,1,0
2024-09-27 15:16:09,Truck_8,-3.7749,-110.6148,211,In Transit,19.8,52.8,Heavy,23,423,1,Traffic,80.6,185,1,9,27,15,4,0,0,1,-0.7071067811865471,-0.7071067811865479,-1.0,-1.8369701987210297e-16,3.7749,110.6148,110.67919338814319,1.1344086021505377,26,1853.8,23,1045.44,423,1,0,0
2024-10-26 22:42:24,Truck_8,-22.1627,-58.0963,454,In Transit,18.9,50.9,Detour,45,230,7,Weather,70.2,116,0,10,26,22,5,1,0,0,-0.5000000000000004,0.8660254037844384,-0.8660254037844386,0.5000000000000001,22.1627,58.0963,62.180104092707985,3.8803418803418803,338,3159.0,45,962.0099999999999,1610,0,1,0
2024-09-23 14:50:23,Truck_10,-7.7974,-150.3367,427,In Transit,23.9,56.2,Heavy,31,443,3,,89.0,148,1,9,23,14,0,0,0,1,-0.4999999999999997,-0.8660254037844388,-1.0,-1.8369701987210297e-16,7.7974,150.3367,150.53877511674526,2.865771812080537,279,2759.0,31,1343.18,1329,1,0,0
2024-08-19 08:18:25,Truck_7,-47.9015,-121.4183,332,In Transit,24.4,69.5,Heavy,27,343,5,Traffic,87.6,235,1,8,19,8,0,0,0,1,0.8660254037844387,-0.4999999999999998,-0.8660254037844384,-0.5000000000000004,47.9015,121.4183,130.52569585005094,1.4067796610169492,97,2365.2,27,1695.8,1715,1,0,0
2024-10-20 12:32:47,Truck_1,64.0594,-102.2596,195,In Transit,19.3,70.6,Heavy,34,134,2,Traffic,98.2,220,1,10,20,12,6,1,0,1,1.2246467991473532e-16,-1.0,-0.8660254037844386,0.5000000000000001,64.0594,102.2596,120.66744598490514,0.8823529411764706,-25,3338.8,34,1362.58,268,1,0,0
2024-07-27 09:16:20,Truck_9,38.5127,-17.3878,249,Delivered,23.6,74.3,Detour,45,482,7,Mechanical Failure,66.8,246,0,7,27,9,5,1,0,1,0.7071067811865476,-0.7071067811865475,-0.4999999999999997,-0.8660254037844388,38.5127,17.3878,42.2559303545668,1.008097165991903,3,3006.0,45,1753.48,3374,0,1,0
2024-11-26 11:25:34,Truck_4,53.447,-162.7863,274,Delayed,22.0,51.1,Heavy,38,175,4,Traffic,64.0,271,1,11,26,11,1,0,0,1,0.258819045102521,-0.9659258262890682,-0.5000000000000004,0.8660254037844384,53.447,162.7863,171.33581434332405,1.0073529411764706,3,2432.0,38,1124.2,700,1,0,0
2024-05-23 20:20:51,Truck_6,77.998,-97.0043,272,In Transit,19.0,72.1,Detour,32,113,6,,94.9,119,0,5,23,20,3,0,0,0,-0.8660254037844386,0.5000000000000001,0.49999999999999994,-0.8660254037844387,77.998,97.0043,124.47297788070308,2.2666666666666666,153,3036.8,32,1369.8999999999999,678,0,1,0
2024-08-26 13:29:17,Truck_1,-83.1143,74.21,214,Delayed,27.0,55.0,Clear,18,319,3,Mechanical Failure,67.0,127,1,8,26,13,0,0,0,1,-0.2588190451025208,-0.9659258262890683,-0.8660254037844384,-0.5000000000000004,83.1143,74.21,111.423116831697,1.671875,87,1206.0,0,1485.0,957,0,0,1
2024-01-15 08:13:04,Truck_6,14.4593,157.9293,487,Delayed,18.7,62.0,Detour,35,432,9,,72.3,247,1,1,15,8,0,0,0,1,0.8660254037844387,-0.4999999999999998,0.49999999999999994,0.8660254037844387,14.4593,157.9293,158.5898330757051,1.9637096774193548,240,2530.5,35,1159.3999999999999,3888,0,1,0
2024-10-11 10:29:57,Truck_10,-48.6056,-11.5509,420,Delayed,29.9,64.6,Heavy,34,282,10,Mechanical Failure,79.4,134,1,10,11,10,4,0,0,1,0.49999999999999994,-0.8660254037844387,-0.8660254037844386,0.5000000000000001,48.6056,11.5509,49.95925982408066,3.111111111111111,286,2699.6000000000004,34,1931.5399999999997,2820,1,0,0
2024-05-17 11:54:58,Truck_5,-11.6172,47.739,135,Delayed,24.7,67.1,Heavy,26,380,7,Traffic,64.6,109,1,5,17,11,4,0,0,1,0.258819045102521,-0.9659258262890682,0.49999999999999994,-0.8660254037844387,11.6172,47.739,49.1321835138639,1.2272727272727273,26,1679.6,26,1657.37,2660,1,0,0
2024-08-16 22:23:42,Truck_1,17.7318,-166.4083,269,In Transit,25.2,63.5,Detour,19,262,7,Weather,71.6,295,0,8,16,22,4,0,0,0,-0.5000000000000004,0.8660254037844384,-0.8660254037844384,-0.5000000000000004,17.7318,166.4083,167.35034819243728,0.9087837837837838,-26,1360.3999999999999,19,1600.2,1834,0,1,0
2024-08-22 09:00:38,Truck_2,-31.4958,-37.5932,419,Delivered,21.0,74.2,Clear,29,386,9,Traffic,95.1,186,0,8,22,9,3,0,0,1,0.7071067811865476,-0.7071067811865475,-0.8660254037844384,-0.5000000000000004,31.4958,37.5932,49.04318611061072,2.2406417112299466,233,2757.8999999999996,0,1558.2,3474,0,0,1
2024-09-02 16:36:48,Truck_6,79.6896,84.1175,407,Delivered,23.5,77.7,Detour,55,351,6,,68.4,168,0,9,2,16,0,0,0,1,-0.8660254037844384,-0.5000000000000004,-1.0,-1.8369701987210297e-16,79.6896,84.1175,115.8714207835996,2.408284023668639,239,3762.0000000000005,55,1825.95,2106,0,1,0
2024-12-16 12:03:58,Truck_9,-79.5331,-178.6658,331,In Transit,24.2,74.0,Detour,60,225,8,,61.0,142,0,12,16,12,0,0,0,1,1.2246467991473532e-16,-1.0,-2.4492935982947064e-16,1.0,79.5331,178.6658,195.5683565540448,2.3146853146853146,189,3660.0,60,1790.8,1800,0,1,0
2024-02-27 15:58:37,Truck_1,63.9549,-128.7581,444,In Transit,20.8,63.9,Heavy,38,203,1,Weather,73.7,201,1,2,27,15,1,0,0,1,-0.7071067811865471,-0.7071067811865479,0.8660254037844386,0.5000000000000001,63.9549,128.7581,143.76674702315555,2.198019801980198,243,2800.6,38,1329.1200000000001,203,1,0,0
2024-10-16 12:27:49,Truck_1,61.1522,5.9286,319,In Transit,29.1,61.3,Detour,24,392,7,,72.8,123,0,10,16,12,2,0,0,1,1.2246467991473532e-16,-1.0,-0.8660254037844386,0.5000000000000001,61.1522,5.9286,61.4389116342404,2.5725806451612905,196,1747.1999999999998,24,1783.83,2744,0,1,0
2024-04-27 12:02:57,Truck_10,-26.3913,-155.6326,402,Delivered,21.0,66.3,Clear,52,306,10,Weather,70.1,251,0,4,27,12,5,1,0,1,1.2246467991473532e-16,-1.0,0.8660254037844387,-0.4999999999999998,26.3913,155.6326,157.8543851099804,1.5952380952380953,151,3645.2,0,1392.3,3060,0,0,1
2024-08-07 08:25:04,Truck_10,14.8779,-139.1721,269,Delayed,19.0,73.6,Clear,50,307,3,Mechanical Failure,68.1,102,1,8,7,8,2,0,0,1,0.8660254037844387,-0.4999999999999998,-0.8660254037844384,-0.5000000000000004,14.8779,139.1721,139.96508609942694,2.6116504854368934,167,3404.9999999999995,0,1398.3999999999999,921,0,0,1
2024-07-23 23:11:06,Truck_10,49.6418,-121.3862,318,In Transit,22.5,59.3,Heavy,18,331,9,,97.3,273,1,7,23,23,1,0,0,0,-0.25881904510252157,0.9659258262890681,-0.4999999999999997,-0.8660254037844388,49.6418,121.3862,131.14464479222931,1.1605839416058394,45,1751.3999999999999,18,1334.25,2979,1,0,0
2024-09-23 02:31:52,Truck_3,-48.6654,115.3562,388,Delivered,24.6,74.3,Detour,29,461,1,Mechanical Failure,68.1,159,0,9,23,2,0,0,1,0,0.49999999999999994,0.8660254037844387,-1.0,-1.8369701987210297e-16,48.6654,115.3562,125.20133400088035,2.425,229,1974.8999999999999,29,1827.78,461,0,1,0
2024-04-23 08:06:46,Truck_10,9.8934,13.9028,338,Delivered,28.7,65.6,Heavy,45,348,8,Traffic,96.1,230,1,4,23,8,1,0,0,1,0.8660254037844387,-0.4999999999999998,0.8660254037844387,-0.4999999999999998,9.8934,13.9028,17.063622458317578,1.4632034632034632,108,4324.5,45,1882.7199999999998,2784,1,0,0
2024-02-15 19:39:56,Truck_4,-43.0411,-154.0658,457,In Transit,18.7,52.7,Clear,52,366,4,,93.1,275,0,2,15,19,3,0,0,0,-0.9659258262890684,0.2588190451025203,0.8660254037844386,0.5000000000000001,43.0411,154.0658,159.96501810974172,1.6557971014492754,182,4841.2,0,985.49,1464,0,0,1
2024-06-17 14:27:56,Truck_6,-71.8307,-53.6072,274,Delivered,21.5,74.0,Heavy,23,448,5,Mechanical Failure,74.7,200,1,6,17,14,0,0,0,1,-0.4999999999999997,-0.8660254037844388,1.2246467991473532e-16,-1.0,71.8307,53.6072,89.62913228593702,1.36318407960199,74,1718.1000000000001,23,1591.0,2240,1,0,0
2024-09-30 14:31:08,Truck_4,1.3877,64.0078,388,In Transit,27.4,50.6,Detour,58,401,5,Mechanical Failure,81.4,196,0,9,30,14,0,0,0,1,-0.4999999999999997,-0.8660254037844388,-1.0,-1.8369701987210297e-16,1.3877,64.0078,64.02284101888951,1.9695431472081217,192,4721.200000000001,58,1386.44,2005,0,1,0
2024-08-06 22:02:54,Truck_10,30.3691,-111.1134,377,Delivered,18.2,51.7,Detour,34,306,8,Traffic,87.9,139,0,8,6,22,1,0,0,0,-0.5000000000000004,0.8660254037844384,-0.8660254037844384,-0.5000000000000004,30.3691,111.1134,115.1888444875197,2.692857142857143,238,2988.6000000000004,34,940.94,2448,0,1,0
2024-03-04 23:39:01,Truck_2,53.517,152.1576,265,Delivered,23.5,78.4,Clear,60,107,3,Weather,62.4,237,0,3,4,23,0,0,0,0,-0.25881904510252157,0.9659258262890681,1.0,6.123233995736766e-17,53.517,152.1576,161.29477526181682,1.1134453781512605,28,3744.0,0,1842.4,321,0,0,1
2024-06-09 06:11:00,Truck_8,-20.984,-125.2428,316,Delayed,19.8,70.6,Detour,18,194,4,Mechanical Failure,95.8,240,1,6,9,6,6,1,0,0,1.0,6.123233995736766e-17,1.2246467991473532e-16,-1.0,20.984,125.2428,126.98853179653665,1.3112033195020747,76,1724.3999999999999,18,1397.8799999999999,776,0,1,0
2024-08-03 20:36:10,Truck_6,-59.8257,-2.9502,239,In Transit,28.7,64.0,Clear,35,469,3,Weather,63.9,293,0,8,3,20,5,1,0,0,-0.8660254037844386,0.5000000000000001,-0.8660254037844384,-0.5000000000000004,59.8257,2.9502,59.89839781271282,0.8129251700680272,-54,2236.5,0,1836.8,1407,0,0,1
2024-04-14 08:17:18,Truck_3,-49.2845,40.5814,241,Delayed,21.4,70.9,Clear,48,121,4,Weather,75.3,195,1,4,14,8,6,1,0,1,0.8660254037844387,-0.4999999999999998,0.8660254037844387,-0.4999999999999998,49.2845,40.5814,63.84208616743348,1.2295918367346939,46,3614.3999999999996,0,1517.26,484,0,0,1
2024-07-28 07:33:03,Truck_10,88.2246,-148.6037,326,Delayed,27.2,69.3,Detour,24,492,9,Weather,72.5,223,1,7,28,7,6,1,0,0,0.9659258262890683,-0.25881904510252063,-0.4999999999999997,-0.8660254037844388,88.2246,148.6037,172.81967393456682,1.4553571428571428,103,1740.0,24,1884.9599999999998,4428,0,1,0
2024-09-13 12:35:37,Truck_2,-13.535,94.6256,357,Delivered,24.0,76.1,Detour,39,339,9,Traffic,97.8,146,0,9,13,12,4,0,0,1,1.2246467991473532e-16,-1.0,-1.0,-1.8369701987210297e-16,13.535,94.6256,95.58870435548334,2.4285714285714284,211,3814.2,39,1826.3999999999999,3051,0,1,0
2024-09-05 05:28:16,Truck_6,57.1287,148.1805,279,Delivered,19.6,55.9,Heavy,30,187,9,Traffic,90.5,126,1,9,5,5,3,0,1,0,0.9659258262890683,0.25881904510252074,-1.0,-1.8369701987210297e-16,57.1287,148.1805,158.8116776057101,2.1968503937007875,153,2715.0,30,1095.64,1683,1,0,0
2024-01-02 07:22:55,Truck_2,-61.8546,43.8074,106,Delivered,26.7,53.3,Detour,39,128,5,Weather,88.0,117,0,1,2,7,1,0,0,0,0.9659258262890683,-0.25881904510252063,0.49999999999999994,0.8660254037844387,61.8546,43.8074,75.79630489621509,0.8983050847457628,-11,3432.0,39,1423.11,640,0,1,0
2024-11-08 05:03:59,Truck_7,9.0931,-155.6411,381,In Transit,20.0,52.9,Clear,13,216,5,Weather,87.3,160,0,11,8,5,4,0,1,0,0.9659258262890683,0.25881904510252074,-0.5000000000000004,0.8660254037844384,9.0931,155.6411,155.90649914875263,2.3664596273291925,221,1134.8999999999999,0,1058.0,1080,0,0,1
2024-11-15 06:42:17,Truck_7,-19.6632,-133.2353,416,Delivered,20.5,61.9,Detour,51,172,1,Weather,75.5,112,0,11,15,6,4,0,0,0,1.0,6.123233995736766e-17,-0.5000000000000004,0.8660254037844384,19.6632,133.2353,134.6784563333349,3.6814159292035398,304,3850.5,51,1268.95,172,0,1,0
2024-12-16 21:09:29,Truck_9,43.4429,-106.3154,147,Delayed,19.0,73.2,Detour,60,260,5,Mechanical Failure,77.2,216,1,12,16,21,0,0,0,0,-0.7071067811865477,0.7071067811865474,-2.4492935982947064e-16,1.0,43.4429,106.3154,114.8488129567302,0.6774193548387096,-69,4632.0,60,1390.8,1300,0,1,0
2024-03-27 02:27:30,Truck_3,-24.6226,30.2486,277,In Transit,28.1,55.1,Clear,44,111,3,Weather,91.8,282,0,3,27,2,2,0,1,0,0.49999999999999994,0.8660254037844387,1.0,6.123233995736766e-17,24.6226,30.2486,39.003207979857244,0.9787985865724381,-5,4039.2,0,1548.3100000000002,333,0,0,1
2024-09-29 14:00:13,Truck_1,5.6237,177.8639,116,Delivered,23.0,79.6,Detour,55,362,1,,96.6,222,0,9,29,14,6,1,0,1,-0.4999999999999997,-0.8660254037844388,-1.0,-1.8369701987210297e-16,5.6237,177.8639,177.95278285236228,0.5201793721973094,-106,5313.0,55,1830.8,362,0,1,0
2024-10-08 14:00:54,Truck_7,-49.8421,-83.2963,324,Delivered,22.2,62.9,Heavy,50,365,7,Weather,95.8,210,1,10,8,14,1,0,0,1,-0.4999999999999997,-0.8660254037844388,-0.8660254037844386,0.5000000000000001,49.8421,83.2963,97.06960660319996,1.5355450236966826,114,4790.0,50,1396.3799999999999,2555,1,0,0
2024-12-23 22:24:48,Truck_1,22.5359,82.6248,325,In Transit,26.0,56.0,Clear,34,359,4,,72.2,248,0,12,23,22,0,0,0,0,-0.5000000000000004,0.8660254037844384,-2.4492935982947064e-16,1.0,22.5359,82.6248,85.64300534106681,1.3052208835341366,77,2454.8,0,1456.0,1436,0,0,1
2024-06-03 09:40:42,Truck_10,30.8916,173.4833,245,Delivered,22.0,61.2,Detour,22,480,6,Weather,89.3,284,0,6,3,9,0,0,0,1,0.7071067811865476,-0.7071067811865475,1.2246467991473532e-16,-1.0,30.8916,173.4833,176.2122195803969,0.8596491228070176,-39,1964.6,22,1346.4,2880,0,1,0
2024-06-26 11:19:42,Truck_5,3.0051,-89.4957,424,Delivered,23.2,50.2,Clear,55,385,9,Weather,83.2,228,0,6,26,11,2,0,0,1,0.258819045102521,-0.9659258262890682,1.2246467991473532e-16,-1.0,3.0051,89.4957,89.54613863534261,1.851528384279476,196,4576.0,0,1164.64,3465,0,0,1
2024-12-13 17:26:27,Truck_5,-9.8416,87.3444,467,Delayed,26.5,62.1,Heavy,54,222,2,Traffic,97.3,259,1,12,13,17,4,0,0,1,-0.9659258262890683,-0.25881904510252063,-2.4492935982947064e-16,1.0,9.8416,87.3444,87.89710633416779,1.7961538461538462,208,5254.2,54,1645.65,444,1,0,0
2024-03-24 12:07:04,Truck_4,-84.6425,70.457,262,In Transit,23.4,62.0,Heavy,36,272,7,,82.9,146,1,3,24,12,6,1,0,1,1.2246467991473532e-16,-1.0,1.0,6.123233995736766e-17,84.6425,70.457,110.12965838160945,1.782312925170068,116,2984.4,36,1450.8,1904,1,0,0
2024-09-17 03:48:24,Truck_7,1.8375,71.811,356,Delivered,21.6,60.4,Clear,45,292,1,Mechanical Failure,94.3,196,0,9,17,3,1,0,1,0,0.7071067811865475,0.7071067811865476,-1.0,-1.8369701987210297e-16,1.8375,71.811,71.8345051298469,1.8071065989847717,160,4243.5,0,1304.64,292,0,0,1
2024-09-23 17:43:36,Truck_6,-69.8671,-68.073,166,Delayed,20.4,70.2,Clear,19,391,5,,74.0,238,1,9,23,17,0,0,0,1,-0.9659258262890683,-0.25881904510252063,-1.0,-1.8369701987210297e-16,69.8671,68.073,97.5466298311223,0.694560669456067,-72,1406.0,0,1432.08,1955,0,0,1
2024-11-19 04:06:22,Truck_4,72.8374,179.4522,349,In Transit,25.6,53.9,Heavy,26,189,9,Weather,77.1,285,1,11,19,4,1,0,1,0,0.8660254037844386,0.5000000000000001,-0.5000000000000004,0.8660254037844384,72.8374,179.4522,193.6708003897335,1.2202797202797202,64,2004.6,26,1379.8400000000001,1701,1,0,0
2024-08-13 01:42:45,Truck_7,50.8775,-155.5478,338,Delivered,26.8,68.3,Detour,45,458,9,Mechanical Failure,76.7,191,0,8,13,1,1,0,1,0,0.25881904510252074,0.9659258262890683,-0.8660254037844384,-0.5000000000000004,50.8775,155.5478,163.65707467472953,1.7604166666666667,147,3451.5,45,1830.44,4122,0,1,0
2024-08-08 13:11:48,Truck_5,23.7118,-92.9098,273,Delivered,19.9,63.6,Clear,27,265,8,Weather,77.0,243,0,8,8,13,3,0,0,1,-0.2588190451025208,-0.9659258262890683,-0.8660254037844384,-0.5000000000000004,23.7118,92.9098,95.88785322072864,1.1188524590163935,30,2079.0,0,1265.6399999999999,2120,0,0,1
2024-09-09 10:53:12,Truck_7,65.9641,85.9925,239,In Transit,25.8,56.0,Detour,50,274,7,Weather,88.3,261,0,9,9,10,0,0,0,1,0.49999999999999994,-0.8660254037844387,-1.0,-1.8369701987210297e-16,65.9641,85.9925,108.37883808687009,0.9122137404580153,-22,4415.0,50,1444.8,1918,0,1,0
2024-11-27 09:05:44,Truck_9,41.7285,131.8376,278,Delivered,22.8,52.9,Heavy,18,104,4,Traffic,71.2,190,1,11,27,9,2,0,0,1,0.7071067811865476,-0.7071067811865475,-0.5000000000000004,0.8660254037844384,41.7285,131.8376,138.28384029238558,1.455497382198953,88,1281.6000000000001,18,1206.1200000000001,416,1,0,0
2024-04-29 15:32:06,Truck_1,-79.2933,52.6196,412,Delayed,20.2,65.0,Clear,14,230,2,Mechanical Failure,72.9,249,1,4,29,15,0,0,0,1,-0.7071067811865471,-0.7071067811865479,0.8660254037844387,-0.4999999999999998,79.2933,52.6196,95.16433012978129,1.648,163,1020.6000000000001,0,1313.0,460,0,0,1
2024-12-30 19:22:58,Truck_6,78.1285,162.4365,125,In Transit,25.4,61.5,Detour,50,408,6,,83.4,221,0,12,30,19,0,0,0,0,-0.9659258262890684,0.2588190451025203,-2.4492935982947064e-16,1.0,78.1285,162.4365,180.2489363200238,0.5630630630630631,-96,4170.0,50,1562.1,2448,0,1,0
2024-12-19 21:18:37,Truck_8,56.5445,31.2501,404,Delivered,24.7,74.2,Heavy,23,459,1,Traffic,71.7,127,1,12,19,21,3,0,0,0,-0.7071067811865477,0.7071067811865474,-2.4492935982947064e-16,1.0,56.5445,31.2501,64.605334379291,3.15625,277,1649.1000000000001,23,1832.74,459,1,0,0
2024-09-06 12:53:25,Truck_9,44.2451,-34.2571,392,Delivered,29.1,51.3,Clear,35,434,7,,70.8,249,0,9,6,12,4,0,0,1,1.2246467991473532e-16,-1.0,-1.0,-1.8369701987210297e-16,44.2451,34.2571,55.95692785008841,1.568,143,2478.0,0,1492.83,3038,0,0,1
2024-12-30 07:08:49,Truck_7,-27.8944,104.517,145,Delivered,29.8,75.7,Detour,60,287,9,Traffic,87.6,216,0,12,30,7,0,0,0,0,0.9659258262890683,-0.25881904510252063,-2.4492935982947064e-16,1.0,27.8944,104.517,108.17532454474079,0.6682027649769585,-71,5256.0,60,2255.86,2583,0,1,0
2024-11-16 16:38:18,Truck_4,77.0206,0.8221,485,Delayed,24.6,50.3,Heavy,11,155,1,Mechanical Failure,84.9,161,1,11,16,16,5,1,0,1,-0.8660254037844384,-0.5000000000000004,-0.5000000000000004,0.8660254037844384,77.0206,0.8221,77.02498732729529,2.993827160493827,324,933.9000000000001,11,1237.38,155,1,0,0
2024-06-08 09:09:10,Truck_4,72.3311,-105.9002,312,Delayed,19.1,52.0,Detour,50,263,2,,87.6,123,1,6,8,9,5,1,0,1,0.7071067811865476,-0.7071067811865475,1.2246467991473532e-16,-1.0,72.3311,105.9002,128.24445558093342,2.5161290322580645,189,4380.0,50,993.2,526,0,1,0
2024-04-24 17:57:19,Truck_6,-30.4204,70.9998,286,In Transit,25.1,56.2,Detour,50,408,10,Traffic,99.3,148,0,4,24,17,2,0,0,1,-0.9659258262890683,-0.25881904510252063,0.8660254037844387,-0.4999999999999998,30.4204,70.9998,77.24229629030975,1.919463087248322,138,4965.0,50,1410.6200000000001,4080,0,1,0
2024-03-01 20:32:48,Truck_3,-71.5279,-171.9428,396,In Transit,23.0,61.1,Clear,14,439,8,,91.9,119,0,3,1,20,4,0,0,0,-0.8660254037844386,0.5000000000000001,1.0,6.123233995736766e-17,71.5279,171.9428,186.22719175848087,3.3,277,1286.6000000000001,0,1405.3,3512,0,0,1
2024-02-23 18:40:35,Truck_1,-53.2492,-17.118,352,Delivered,26.6,70.3,Detour,12,260,7,Traffic,77.4,267,0,2,23,18,4,0,0,0,-1.0,-1.8369701987210297e-16,0.8660254037844386,0.5000000000000001,53.2492,17.118,55.93302445461,1.3134328358208955,85,928.8000000000001,12,1869.98,1820,0,1,0
2024-09-25 05:14:38,Truck_7,-30.8076,-167.4756,410,Delivered,28.4,52.7,Detour,48,352,8,Weather,95.5,213,0,9,25,5,2,0,1,0,0.9659258262890683,0.25881904510252074,-1.0,-1.8369701987210297e-16,30.8076,167.4756,170.2855977853676,1.9158878504672898,197,4584.0,48,1496.68,2816,0,1,0
2024-03-09 19:11:05,Truck_10,-44.764,-118.3579,484,Delayed,22.8,53.7,Clear,18,176,4,Weather,73.7,131,1,3,9,19,5,1,0,0,-0.9659258262890684,0.2588190451025203,1.0,6.123233995736766e-17,44.764,118.3579,126.54014457242413,3.6666666666666665,353,1326.6000000000001,0,1224.3600000000001,704,0,0,1
2024-01-29 14:54:57,Truck_1,47.5743,144.998,152,In Transit,18.7,68.6,Clear,51,483,2,Weather,87.8,163,0,1,29,14,0,0,0,1,-0.4999999999999997,-0.8660254037844388,0.49999999999999994,0.8660254037844387,47.5743,144.998,152.60319139680533,0.926829268292683,-11,4477.8,0,1282.82,966,0,0,1
2024-10-07 17:53:55,Truck_5,-23.2761,-88.0696,329,Delivered,27.3,68.4,Detour,57,418,1,Traffic,90.0,101,0,10,7,17,0,0,0,1,-0.9659258262890683,-0.25881904510252063,-0.8660254037844386,0.5000000000000001,23.2761,88.0696,91.09353037054827,3.2254901960784315,228,5130.0,57,1867.3200000000002,418,0,1,0
2024-10-17 15:23:46,Truck_3,-18.8295,76.8645,314,Delayed,23.8,63.7,Detour,41,117,8,,69.5,147,1,10,17,15,3,0,0,1,-0.7071067811865471,-0.7071067811865479,-0.8660254037844386,0.5000000000000001,18.8295,76.8645,79.13723163277827,2.1216216216216215,167,2849.5,41,1516.0600000000002,936,0,1,0
2024-01-30 00:58:41,Truck_3,58.3197,0.0698,121,In Transit,27.2,71.1,Detour,44,340,8,,74.6,286,0,1,30,0,1,0,1,0,0.0,1.0,0.49999999999999994,0.8660254037844387,58.3197,0.0698,58.31974177009017,0.42160278745644597,-165,3282.3999999999996,44,1933.9199999999998,2720,0,1,0
2024-08-15 08:04:23,Truck_1,-84.8788,-37.2609,428,Delivered,24.1,58.4,Detour,11,111,6,Weather,81.1,111,0,8,15,8,3,0,0,1,0.8660254037844387,-0.4999999999999998,-0.8660254037844384,-0.5000000000000004,84.8788,37.2609,92.69727805200107,3.8214285714285716,317,892.0999999999999,11,1407.44,666,0,1,0
2024-02-06 09:01:38,Truck_10,28.387,33.4827,113,In Transit,23.0,73.4,Detour,50,309,8,Traffic,71.7,293,0,2,6,9,1,0,0,1,0.7071067811865476,-0.7071067811865475,0.8660254037844386,0.5000000000000001,28.387,33.4827,43.8966168205478,0.3843537414965986,-180,3585.0,50,1688.2,2472,0,1,0
2024-01-08 14:39:40,Truck_7,87.018,-27.3053,201,Delayed,27.9,64.4,Clear,30,198,7,Weather,93.9,276,1,1,8,14,0,0,0,1,-0.4999999999999997,-0.8660254037844388,0.49999999999999994,0.8660254037844387,87.018,27.3053,91.20148974709788,0.7256317689530686,-75,2817.0,0,1796.76,1386,0,0,1
2024-04-11 06:00:56,Truck_8,-9.7509,-86.2981,227,Delayed,28.3,62.8,Detour,30,400,4,Traffic,68.2,194,1,4,11,6,3,0,0,0,1.0,6.123233995736766e-17,0.8660254037844387,-0.4999999999999998,9.7509,86.2981,86.84723435101432,1.1641025641025642,33,2046.0,30,1777.24,1600,0,1,0
2024-03-20 21:32:29,Truck_2,79.8212,-21.6975,445,Delivered,25.3,57.9,Detour,38,364,1,Traffic,93.6,275,0,3,20,21,2,0,0,0,-0.7071067811865477,0.7071067811865474,1.0,6.123233995736766e-17,79.8212,21.6975,82.71762493985185,1.6123188405797102,170,3556.7999999999997,38,1464.8700000000001,364,0,1,0
2024-04-29 10:31:08,Truck_2,33.0027,-70.5854,407,In Transit,29.6,64.3,Heavy,10,102,6,,98.5,133,1,4,29,10,0,0,0,1,0.49999999999999994,-0.8660254037844387,0.8660254037844387,-0.4999999999999998,33.0027,70.5854,77.91968236876995,3.037313432835821,274,985.0,10,1903.28,612,1,0,0
2024-12-20 11:12:28,Truck_8,-12.452,-174.3397,135,In Transit,22.9,60.9,Heavy,42,379,8,Traffic,93.2,159,1,12,20,11,4,0,0,1,0.258819045102521,-0.9659258262890682,-2.4492935982947064e-16,1.0,12.452,174.3397,174.78381875931765,0.84375,-24,3914.4,42,1394.61,3032,1,0,0
2024-07-05 18:54:49,Truck_1,-19.6171,-163.0539,160,Delivered,22.3,69.7,Detour,37,255,7,Traffic,66.8,170,0,7,5,18,4,0,0,0,-1.0,-1.8369701987210297e-16,-0.4999999999999997,-0.8660254037844388,19.6171,163.0539,164.2297321364801,0.935672514619883,-10,2471.6,37,1554.3100000000002,1785,0,1,0
2024-02-27 01:39:05,Truck_5,13.7939,25.2973,472,In Transit,22.7,53.0,Heavy,30,389,6,Weather,86.8,232,1,2,27,1,1,0,1,0,0.25881904510252074,0.9659258262890683,0.8660254037844386,0.5000000000000001,13.7939,25.2973,28.813626368438943,2.0257510729613735,240,2604.0,30,1203.1,2334,1,0,0
2024-10-11 19:36:19,Truck_10,-46.8643,158.7293,408,In Transit,19.5,65.2,Detour,25,230,3,Traffic,61.9,245,0,10,11,19,4,0,0,0,-0.9659258262890684,0.2588190451025203,-0.8660254037844386,0.5000000000000001,46.8643,158.7293,165.50303106885988,1.6585365853658536,163,1547.5,25,1271.4,690,0,1,0
2024-12-28 10:23:37,Truck_4,-35.2452,78.2544,306,Delayed,26.1,74.8,Heavy,37,232,7,,77.1,289,1,12,28,10,5,1,0,1,0.49999999999999994,-0.8660254037844387,-2.4492935982947064e-16,1.0,35.2452,78.2544,85.82525993202701,1.0551724137931036,17,2852.7,37,1952.28,1624,1,0,0
2024-01-28 02:18:52,Truck_3,17.5448,-68.5291,107,In Transit,28.6,54.6,Detour,52,180,1,Traffic,89.8,194,0,1,28,2,6,1,1,0,0.49999999999999994,0.8660254037844387,0.49999999999999994,0.8660254037844387,17.5448,68.5291,70.73936353862678,0.5487179487179488,-87,4669.599999999999,52,1561.5600000000002,180,0,1,0
2024-10-11 05:31:10,Truck_2,-87.1408,-147.3922,155,Delivered,26.9,75.0,Detour,25,446,5,Mechanical Failure,96.8,176,0,10,11,5,4,0,1,0,0.9659258262890683,0.25881904510252074,-0.8660254037844386,0.5000000000000001,87.1408,147.3922,171.22493873697255,0.8757062146892656,-21,2420.0,25,2017.5,2230,0,1,0
2024-10-07 13:44:52,Truck_10,-73.5498,115.0268,414,Delivered,26.8,73.9,Heavy,14,130,1,Mechanical Failure,86.9,267,1,10,7,13,0,0,0,1,-0.2588190451025208,-0.9659258262890683,-0.8660254037844386,0.5000000000000001,73.5498,115.0268,136.53108729619052,1.544776119402985,147,1216.6000000000001,14,1980.5200000000002,130,1,0,0
2024-12-20 04:15:05,Truck_9,-40.8267,51.4673,118,Delivered,26.8,65.4,Detour,21,475,1,Mechanical Failure,96.9,165,0,12,20,4,4,0,1,0,0.8660254037844386,0.5000000000000001,-2.4492935982947064e-16,1.0,40.8267,51.4673,65.69400583143032,0.7108433734939759,-47,2034.9,21,1752.7200000000003,475,0,1,0
2024-02-11 21:05:23,Truck_1,-80.2129,116.4288,438,In Transit,25.0,65.2,Detour,49,421,3,,82.4,273,0,2,11,21,6,1,0,0,-0.7071067811865477,0.7071067811865474,0.8660254037844386,0.5000000000000001,80.2129,116.4288,141.38520005944753,1.5985401459854014,165,4037.6000000000004,49,1630.0,1263,0,1,0
2024-02-22 20:07:47,Truck_1,18.761,139.9566,154,Delayed,26.8,56.0,Clear,13,413,8,Traffic,73.8,220,1,2,22,20,3,0,0,0,-0.8660254037844386,0.5000000000000001,0.8660254037844386,0.5000000000000001,18.761,139.9566,141.20844523101303,0.6968325791855203,-66,959.4,0,1500.8,3304,0,0,1
2024-05-25 08:22:12,Truck_8,9.1346,9.0052,320,In Transit,24.3,77.0,Clear,56,410,3,Traffic,73.4,141,0,5,25,8,5,1,0,1,0.8660254037844387,-0.4999999999999998,0.49999999999999994,-0.8660254037844387,9.1346,9.0052,12.827101940812664,2.2535211267605635,179,4110.400000000001,0,1871.1000000000001,1230,0,0,1
2024-07-03 12:21:01,Truck_1,-28.6942,-75.4244,402,Delayed,20.3,56.6,Detour,52,149,4,Weather,82.6,158,1,7,3,12,2,0,0,1,1.2246467991473532e-16,-1.0,-0.4999999999999997,-0.8660254037844388,28.6942,75.4244,80.69818603289667,2.5283018867924527,244,4295.2,52,1148.98,596,0,1,0
2024-01-28 23:24:51,Truck_7,23.9592,-88.7602,443,Delivered,18.9,68.8,Clear,36,159,2,Weather,86.3,171,0,1,28,23,6,1,0,0,-0.25881904510252157,0.9659258262890681,0.49999999999999994,0.8660254037844387,23.9592,88.7602,91.9370239276865,2.5755813953488373,272,3106.7999999999997,0,1300.32,318,0,0,1
2024-06-10 09:00:08,Truck_7,68.1545,43.8007,246,In Transit,22.0,58.1,Heavy,54,128,7,Traffic,61.0,265,1,6,10,9,0,0,0,1,0.7071067811865476,-0.7071067811865475,1.2246467991473532e-16,-1.0,68.1545,43.8007,81.01566015740413,0.924812030075188,-19,3294.0,54,1278.2,896,1,0,0
2024-03-08 23:13:09,Truck_9,76.0358,53.043,146,In Transit,20.7,50.6,Clear,28,201,10,Weather,75.9,178,0,3,8,23,4,0,0,0,-0.25881904510252157,0.9659258262890681,1.0,6.123233995736766e-17,76.0358,53.043,92.70923756907938,0.8156424581005587,-32,2125.2000000000003,0,1047.42,2010,0,0,1
2024-07-27 10:13:09,Truck_1,-30.0307,157.1442,108,Delivered,23.0,73.4,Clear,13,324,2,Mechanical Failure,77.9,233,0,7,27,10,5,1,0,1,0.49999999999999994,-0.8660254037844387,-0.4999999999999997,-0.8660254037844388,30.0307,157.1442,159.98794497126963,0.46153846153846156,-125,1012.7,0,1688.2,648,0,0,1
2024-09-10 19:41:42,Truck_1,-79.2584,125.5026,152,Delivered,22.8,65.2,Heavy,33,386,4,Weather,63.3,227,1,9,10,19,1,0,0,0,-0.9659258262890684,0.2588190451025203,-1.0,-1.8369701987210297e-16,79.2584,125.5026,148.43448580879038,0.6666666666666666,-75,2088.9,33,1486.5600000000002,1544,1,0,0
2024-04-27 03:04:28,Truck_10,-86.6606,29.6786,361,Delayed,29.7,62.2,Detour,35,131,9,,61.8,253,1,4,27,3,5,1,1,0,0.7071067811865475,0.7071067811865476,0.8660254037844387,-0.4999999999999998,86.6606,29.6786,91.60174065114703,1.421259842519685,108,2163.0,35,1847.3400000000001,1179,0,1,0
2024-04-22 22:47:46,Truck_2,-60.0975,-13.7518,495,In Transit,23.8,69.8,Heavy,22,487,9,Weather,86.1,108,1,4,22,22,0,0,0,0,-0.5000000000000004,0.8660254037844384,0.8660254037844387,-0.4999999999999998,60.0975,13.7518,61.65080299144529,4.541284403669724,387,1894.1999999999998,22,1661.24,4383,1,0,0
2024-01-09 03:30:54,Truck_5,50.475,-168.8578,187,In Transit,24.5,73.1,Clear,23,382,7,Weather,67.4,149,0,1,9,3,1,0,1,0,0.7071067811865475,0.7071067811865476,0.49999999999999994,0.8660254037844387,50.475,168.8578,176.24041036561394,1.2466666666666666,38,1550.2,0,1790.9499999999998,2674,0,0,1
2024-12-09 09:35:15,Truck_3,20.9244,-59.3367,202,Delayed,26.5,77.8,Clear,31,298,8,,60.6,102,1,12,9,9,0,0,0,1,0.7071067811865476,-0.7071067811865475,-2.4492935982947064e-16,1.0,20.9244,59.3367,62.91799807884863,1.9611650485436893,100,1878.6000000000001,0,2061.7,2384,0,0,1
2024-03-07 03:32:02,Truck_4,-8.4784,117.2494,384,Delivered,24.5,62.2,Clear,45,418,7,,75.8,298,0,3,7,3,3,0,1,0,0.7071067811865475,0.7071067811865476,1.0,6.123233995736766e-17,8.4784,117.2494,117.55554034974276,1.2842809364548495,86,3411.0,0,1523.9,2926,0,0,1
2024-08-04 03:11:01,Truck_8,-30.809,-126.7483,486,In Transit,25.8,64.9,Clear,31,136,9,Traffic,85.4,178,0,8,4,3,6,1,1,0,0.7071067811865475,0.7071067811865476,-0.8660254037844384,-0.5000000000000004,30.809,126.7483,130.43897436690463,2.7150837988826817,308,2647.4,0,1674.4200000000003,1224,0,0,1
2024-12-10 18:38:52,Truck_8,17.9831,-135.1026,488,In Transit,25.4,64.3,Clear,14,254,1,Weather,84.0,250,0,12,10,18,1,0,0,0,-1.0,-1.8369701987210297e-16,-2.4492935982947064e-16,1.0,17.9831,135.1026,136.29418334019246,1.9442231075697212,238,1176.0,0,1633.2199999999998,254,0,0,1
2024-11-17 12:35:32,Truck_8,-28.2385,-87.7617,244,Delayed,29.1,67.2,Heavy,18,118,5,Traffic,70.5,290,1,11,17,12,6,1,0,1,1.2246467991473532e-16,-1.0,-0.5000000000000004,0.8660254037844384,28.2385,87.7617,92.19288947169407,0.8384879725085911,-46,1269.0,18,1955.5200000000002,590,1,0,0
2024-11-03 00:16:47,Truck_2,18.1994,40.5771,193,In Transit,25.7,64.0,Heavy,33,335,8,Mechanical Failure,90.0,240,1,11,3,0,6,1,1,0,0.0,1.0,-0.5000000000000004,0.8660254037844384,18.1994,40.5771,44.471555007330245,0.8008298755186722,-47,2970.0,33,1644.8,2680,1,0,0
2024-10-20 02:07:47,Truck_7,-3.5038,21.9533,268,Delivered,18.7,69.5,Heavy,39,101,9,Mechanical Failure,77.1,205,1,10,20,2,6,1,1,0,0.49999999999999994,0.8660254037844387,-0.8660254037844386,0.5000000000000001,3.5038,21.9533,22.231149212984917,1.3009708737864079,63,3006.8999999999996,39,1299.6499999999999,909,1,0,0
2024-01-09 21:49:29,Truck_2,88.528,-0.3595,375,Delayed,19.2,72.9,Detour,58,119,7,,96.9,213,1,1,9,21,1,0,0,0,-0.7071067811865477,0.7071067811865474,0.49999999999999994,0.8660254037844387,88.528,0.3595,88.52872993695324,1.7523364485981308,162,5620.200000000001,58,1399.68,833,0,1,0
2024-07-22 11:45:54,Truck_9,-24.7838,-21.176,465,In Transit,28.0,59.6,Clear,51,305,10,Mechanical Failure,96.9,153,0,7,22,11,0,0,0,1,0.258819045102521,-0.9659258262890682,-0.4999999999999997,-0.8660254037844388,24.7838,21.176,32.59846190297941,3.0194805194805197,312,4941.900000000001,0,1668.8,3050,0,0,1
2024-08-30 12:04:18,Truck_10,56.1373,82.4192,258,Delayed,19.3,74.2,Detour,52,407,8,Weather,84.7,245,1,8,30,12,4,0,0,1,1.2246467991473532e-16,-1.0,-0.8660254037844384,-0.5000000000000004,56.1373,82.4192,99.7212162978872,1.048780487804878,13,4404.400000000001,52,1432.0600000000002,3256,0,1,0
2024-11-20 18:45:34,Truck_1,-13.2882,-171.9473,254,Delivered,27.3,71.7,Detour,38,279,10,Traffic,91.5,111,0,11,20,18,2,0,0,0,-1.0,-1.8369701987210297e-16,-0.5000000000000004,0.8660254037844384,13.2882,171.9473,172.45999604699637,2.267857142857143,143,3477.0,38,1957.41,2790,0,1,0
2024-11-24 01:13:40,Truck_10,68.9345,172.152,456,In Transit,20.9,71.2,Clear,46,414,10,Mechanical Failure,90.6,280,0,11,24,1,6,1,1,0,0.25881904510252074,0.9659258262890683,-0.5000000000000004,0.8660254037844384,68.9345,172.152,185.44076249371386,1.6227758007117439,176,4167.599999999999,0,1488.08,4140,0,0,1
2024-01-26 17:18:01,Truck_7,-80.9601,52.614,158,In Transit,29.7,78.2,Heavy,43,334,5,Weather,72.7,181,1,1,26,17,4,0,0,1,-0.9659258262890683,-0.25881904510252063,0.49999999999999994,0.8660254037844387,80.9601,52.614,96.55449646707292,0.8681318681318682,-23,3126.1,43,2322.54,1670,1,0,0
2024-07-23 23:58:44,Truck_5,57.2271,59.2588,158,Delayed,25.9,51.3,Detour,46,308,7,,64.6,115,1,7,23,23,1,0,0,0,-0.25881904510252157,0.9659258262890681,-0.4999999999999997,-0.8660254037844388,57.2271,59.2588,82.38049739987008,1.3620689655172413,43,2971.6,46,1328.6699999999998,2156,0,1,0
2024-04-21 07:23:11,Truck_10,82.6307,-111.6216,260,Delivered,23.2,56.3,Clear,57,329,7,Mechanical Failure,77.9,258,0,4,21,7,6,1,0,0,0.9659258262890683,-0.25881904510252063,0.8660254037844387,-0.4999999999999998,82.6307,111.6216,138.8784150581004,1.0038610038610039,2,4440.3,0,1306.1599999999999,2303,0,0,1
2024-05-29 19:41:42,Truck_2,53.0221,110.4363,249,In Transit,21.4,56.6,Detour,49,398,10,Mechanical Failure,67.3,279,0,5,29,19,2,0,0,0,-0.9659258262890684,0.2588190451025203,0.49999999999999994,-0.8660254037844387,53.0221,110.4363,122.50518130307796,0.8892857142857142,-30,3297.7,49,1211.24,3980,0,1,0
2024-02-15 12:50:05,Truck_6,21.6362,35.7292,224,Delayed,28.3,69.0,Clear,20,445,6,,60.1,259,1,2,15,12,3,0,0,1,1.2246467991473532e-16,-1.0,0.8660254037844386,0.5000000000000001,21.6362,35.7292,41.76961674566813,0.8615384615384616,-35,1202.0,0,1952.7,2670,0,0,1
2024-04-21 22:20:02,Truck_8,-0.5646,175.2938,162,Delivered,29.4,65.9,Detour,40,262,2,Traffic,61.5,298,0,4,21,22,6,1,0,0,-0.5000000000000004,0.8660254037844384,0.8660254037844387,-0.4999999999999998,0.5646,175.2938,175.2947092515915,0.5418060200668896,-136,2460.0,40,1937.46,524,0,1,0
2024-09-07 01:59:11,Truck_4,-53.9744,-52.4536,160,Delivered,20.7,63.1,Clear,52,488,3,Mechanical Failure,79.6,246,0,9,7,1,5,1,1,0,0.25881904510252074,0.9659258262890683,-1.0,-1.8369701987210297e-16,53.9744,52.4536,75.26364333673995,0.6477732793522267,-86,4139.2,0,1306.17,1464,0,0,1
2024-04-26 07:24:41,Truck_8,70.9071,-64.7863,260,Delivered,18.8,55.0,Detour,13,428,2,Weather,73.9,198,0,4,26,7,4,0,0,0,0.9659258262890683,-0.25881904510252063,0.8660254037844387,-0.4999999999999998,70.9071,64.7863,96.04728782271783,1.306532663316583,62,960.7,13,1034.0,856,0,1,0
2024-03-23 13:50:53,Truck_7,-32.3196,-16.4458,245,In Transit,23.3,59.8,Clear,28,142,5,,80.7,160,0,3,23,13,5,1,0,1,-0.2588190451025208,-0.9659258262890683,1.0,6.123233995736766e-17,32.3196,16.4458,36.263216649933305,1.5217391304347827,85,2259.6,0,1393.34,710,0,0,1
2024-04-05 13:50:11,Truck_7,-9.6291,39.6506,495,Delivered,25.1,75.5,Detour,39,234,1,,74.8,203,0,4,5,13,4,0,0,1,-0.2588190451025208,-0.9659258262890683,0.8660254037844387,-0.4999999999999998,9.6291,39.6506,40.80305928689661,2.426470588235294,292,2917.2,39,1895.0500000000002,234,0,1,0
2024-08-24 01:36:22,Truck_8,-69.5639,-74.6473,236,Delayed,18.2,50.5,Clear,20,260,2,Weather,61.1,278,1,8,24,1,5,1,1,0,0.25881904510252074,0.9659258262890683,-0.8660254037844384,-0.5000000000000004,69.5639,74.6473,102.03605039641626,0.8458781362007168,-42,1222.0,0,919.0999999999999,520,0,0,1
2024-11-07 04:03:32,Truck_9,49.043,-4.5352,259,Delivered,21.3,79.3,Detour,49,276,2,,99.1,259,0,11,7,4,3,0,1,0,0.8660254037844386,0.5000000000000001,-0.5000000000000004,0.8660254037844384,49.043,4.5352,49.25224754303096,0.9961538461538462,0,4855.9,49,1689.09,552,0,1,0
2024-09-20 16:44:25,Truck_7,69.7608,-77.0188,227,Delivered,27.6,68.1,Detour,60,399,1,Traffic,64.1,126,0,9,20,16,4,0,0,1,-0.8660254037844384,-0.5000000000000004,-1.0,-1.8369701987210297e-16,69.7608,77.0188,103.91566181322237,1.7874015748031495,101,3845.9999999999995,60,1879.56,399,0,1,0
2024-11-06 21:58:30,Truck_7,27.4034,-35.8705,204,In Transit,20.5,60.2,Clear,26,460,5,,66.9,231,0,11,6,21,2,0,0,0,-0.7071067811865477,0.7071067811865474,-0.5000000000000004,0.8660254037844384,27.4034,35.8705,45.140216014215085,0.8793103448275862,-27,1739.4,0,1234.1000000000001,2300,0,0,1
2024-03-30 12:05:51,Truck_10,-31.4314,-110.7069,384,Delayed,18.5,79.0,Detour,21,185,8,Weather,68.1,143,1,3,30,12,5,1,0,1,1.2246467991473532e-16,-1.0,1.0,6.123233995736766e-17,31.4314,110.7069,115.08236447679549,2.6666666666666665,241,1430.1,21,1461.5,1480,0,1,0
2024-05-24 00:02:16,Truck_6,63.5554,151.4083,187,Delayed,18.9,60.3,Clear,34,223,1,Weather,85.3,197,1,5,24,0,4,0,1,0,0.0,1.0,0.49999999999999994,-0.8660254037844387,63.5554,151.4083,164.206462047174,0.9444444444444444,-10,2900.2,0,1139.6699999999998,223,0,0,1
2024-01-26 08:28:52,Truck_3,86.6663,-8.1036,302,Delivered,19.5,64.5,Detour,38,149,10,,69.0,213,0,1,26,8,4,0,0,1,0.8660254037844387,-0.4999999999999998,0.49999999999999994,0.8660254037844387,86.6663,8.1036,87.04433289221075,1.411214953271028,89,2622.0,38,1257.75,1490,0,1,0
2024-05-18 14:34:50,Truck_3,62.9549,134.6387,177,In Transit,24.7,70.6,Heavy,58,301,1,Mechanical Failure,82.7,254,1,5,18,14,5,1,0,1,-0.4999999999999997,-0.8660254037844388,0.49999999999999994,-0.8660254037844387,62.9549,134.6387,148.63007425046925,0.6941176470588235,-77,4796.6,58,1743.8199999999997,301,1,0,0
2024-05-19 11:10:13,Truck_2,57.555,179.2349,448,In Transit,21.5,55.7,Heavy,55,500,2,Mechanical Failure,86.7,173,1,5,19,11,6,1,0,1,0.258819045102521,-0.9659258262890682,0.49999999999999994,-0.8660254037844387,57.555,179.2349,188.24910996605004,2.574712643678161,275,4768.5,55,1197.55,1000,1,0,0
2024-10-19 16:07:51,Truck_5,-8.3428,-26.2702,197,In Transit,22.9,71.9,Clear,18,387,9,,71.0,140,0,10,19,16,5,1,0,1,-0.8660254037844384,-0.5000000000000004,-0.8660254037844386,0.5000000000000001,8.3428,26.2702,27.563122462449712,1.3971631205673758,57,1278.0,0,1646.51,3483,0,0,1
2024-04-12 19:29:51,Truck_10,-51.6025,114.3963,428,In Transit,28.6,77.7,Heavy,14,175,9,Traffic,96.2,115,1,4,12,19,4,0,0,0,-0.9659258262890684,0.2588190451025203,0.8660254037844387,-0.4999999999999998,51.6025,114.3963,125.49634042449205,3.689655172413793,313,1346.8,14,2222.2200000000003,1575,1,0,0
2024-02-29 23:31:58,Truck_8,-30.946,-65.5352,435,Delayed,24.7,75.3,Heavy,41,245,2,Weather,87.1,232,1,2,29,23,3,0,0,0,-0.25881904510252157,0.9659258262890681,0.8660254037844386,0.5000000000000001,30.946,65.5352,72.47425304920363,1.8669527896995708,203,3571.1,41,1859.9099999999999,490,1,0,0
2024-10-03 16:09:16,Truck_6,-47.3503,-100.2211,309,In Transit,20.2,65.8,Detour,26,105,9,Mechanical Failure,60.7,244,0,10,3,16,3,0,0,1,-0.8660254037844384,-0.5000000000000004,-0.8660254037844386,0.5000000000000001,47.3503,100.2211,110.84367277973065,1.2612244897959184,65,1578.2,26,1329.1599999999999,945,0,1,0
2024-07-12 10:13:28,Truck_9,29.2931,-63.656,346,Delivered,21.5,60.1,Clear,17,370,9,,70.8,259,0,7,12,10,4,0,0,1,0.49999999999999994,-0.8660254037844387,-0.4999999999999997,-0.8660254037844388,29.2931,63.656,70.07261978554818,1.3307692307692307,87,1203.6,0,1292.15,3330,0,0,1
2024-10-24 02:04:39,Truck_2,-67.4262,-107.5156,428,Delivered,29.1,55.9,Clear,34,176,2,,89.5,123,0,10,24,2,3,0,1,0,0.49999999999999994,0.8660254037844387,-0.8660254037844386,0.5000000000000001,67.4262,107.5156,126.90900949026432,3.4516129032258065,305,3043.0,0,1626.69,352,0,0,1
2024-03-21 11:55:45,Truck_5,82.8116,62.1983,106,Delivered,21.6,79.3,Clear,51,120,9,Weather,96.2,228,0,3,21,11,3,0,0,1,0.258819045102521,-0.9659258262890682,1.0,6.123233995736766e-17,82.8116,62.1983,103.56828480500197,0.462882096069869,-122,4906.2,0,1712.88,1080,0,0,1
2024-07-14 20:00:38,Truck_3,58.6218,133.4487,154,Delayed,25.8,69.0,Clear,60,357,10,Mechanical Failure,87.9,269,1,7,14,20,6,1,0,0,-0.8660254037844386,0.5000000000000001,-0.4999999999999997,-0.8660254037844388,58.6218,133.4487,145.75688994668485,0.5703703703703704,-115,5274.0,0,1780.2,3570,0,0,1
2024-11-23 19:15:58,Truck_10,-31.9959,164.6097,417,In Transit,23.8,50.7,Heavy,47,278,2,,88.7,226,1,11,23,19,5,1,0,0,-0.9659258262890684,0.2588190451025203,-0.5000000000000004,0.8660254037844384,31.9959,164.6097,167.69046171711733,1.8370044052863437,191,4168.900000000001,47,1206.66,556,1,0,0
2024-09-26 10:33:52,Truck_5,84.8041,86.1533,438,Delayed,20.6,79.3,Heavy,37,431,5,Mechanical Failure,71.7,246,1,9,26,10,3,0,0,1,0.49999999999999994,-0.8660254037844387,-1.0,-1.8369701987210297e-16,84.8041,86.1533,120.88890138346035,1.7732793522267207,192,2652.9,37,1633.5800000000002,2155,1,0,0
2024-08-09 16:48:19,Truck_5,-11.147,-97.9335,106,Delayed,29.6,62.0,Heavy,54,410,9,Weather,62.3,111,1,8,9,16,4,0,0,1,-0.8660254037844384,-0.5000000000000004,-0.8660254037844384,-0.5000000000000004,11.147,97.9335,98.56584617021252,0.9464285714285714,-5,3364.2,54,1835.2,3690,1,0,0
2024-11-23 08:35:37,Truck_4,-9.8535,-164.784,147,Delayed,27.5,51.6,Clear,15,496,4,Traffic,68.4,238,1,11,23,8,5,1,0,1,0.8660254037844387,-0.4999999999999998,-0.5000000000000004,0.8660254037844384,9.8535,164.784,165.0783393369645,0.6150627615062761,-91,1026.0,0,1419.0,1984,0,0,1
2024-10-16 22:49:20,Truck_7,35.674,177.2099,248,Delivered,23.0,72.3,Heavy,35,256,3,Traffic,99.2,296,1,10,16,22,2,0,0,0,-0.5000000000000004,0.8660254037844384,-0.8660254037844386,0.5000000000000001,35.674,177.2099,180.76499366307073,0.835016835016835,-48,3472.0,35,1662.8999999999999,768,1,0,0
2024-02-15 22:41:00,Truck_7,87.965,-109.0684,299,In Transit,20.5,75.2,Clear,21,148,6,Mechanical Failure,67.5,150,0,2,15,22,3,0,0,0,-0.5000000000000004,0.8660254037844384,0.8660254037844386,0.5000000000000001,87.965,109.0684,140.12050921817263,1.9801324503311257,149,1417.5,0,1541.6000000000001,888,0,0,1
2024-06-15 02:50:21,Truck_7,68.1229,9.8155,382,Delivered,20.6,72.8,Heavy,10,128,1,Weather,79.2,157,1,6,15,2,5,1,1,0,0.49999999999999994,0.8660254037844387,1.2246467991473532e-16,-1.0,68.1229,9.8155,68.82640150886867,2.4177215189873418,225,792.0,10,1499.68,128,1,0,0
2024-06-26 19:58:52,Truck_2,84.0215,75.4829,236,Delivered,19.4,57.2,Heavy,13,368,2,Weather,83.7,276,1,6,26,19,2,0,0,0,-0.9659258262890684,0.2588190451025203,1.2246467991473532e-16,-1.0,84.0215,75.4829,112.94813258597948,0.851985559566787,-40,1088.1000000000001,13,1109.68,736,1,0,0
2024-12-01 12:38:57,Truck_4,73.9154,-123.8449,122,Delayed,28.3,80.0,Detour,43,444,10,Mechanical Failure,91.6,141,1,12,1,12,6,1,0,1,1.2246467991473532e-16,-1.0,-2.4492935982947064e-16,1.0,73.9154,123.8449,144.2256759844446,0.8591549295774648,-19,3938.7999999999997,43,2264.0,4440,0,1,0
2024-07-31 03:43:10,Truck_10,56.2829,49.0292,201,In Transit,24.4,50.8,Heavy,13,367,2,,88.3,174,1,7,31,3,2,0,1,0,0.7071067811865475,0.7071067811865476,-0.4999999999999997,-0.8660254037844388,56.2829,49.0292,74.6433338286146,1.1485714285714286,27,1147.8999999999999,13,1239.5199999999998,734,1,0,0
2024-03-16 13:20:30,Truck_9,-89.0981,33.8294,226,In Transit,18.6,77.9,Heavy,30,252,10,,67.3,145,1,3,16,13,5,1,0,1,-0.2588190451025208,-0.9659258262890683,1.0,6.123233995736766e-17,89.0981,33.8294,95.30424821575374,1.547945205479452,81,2019.0,30,1448.9400000000003,2520,1,0,0
2024-06-17 14:43:11,Truck_9,0.4055,97.6022,266,Delivered,23.5,60.2,Heavy,57,108,2,Traffic,65.5,202,1,6,17,14,0,0,0,1,-0.4999999999999997,-0.8660254037844388,1.2246467991473532e-16,-1.0,0.4055,97.6022,97.60304234546176,1.3103448275862069,64,3733.5,57,1414.7,216,1,0,0
2024-01-26 05:00:06,Truck_8,29.7128,-51.8993,277,Delivered,29.2,56.9,Detour,24,100,2,Mechanical Failure,84.2,164,0,1,26,5,4,0,1,0,0.9659258262890683,0.25881904510252074,0.49999999999999994,0.8660254037844387,29.7128,51.8993,59.802908159469965,1.6787878787878787,113,2020.8000000000002,24,1661.48,200,0,1,0
2024-03-09 09:56:32,Truck_4,76.8582,-8.4829,475,In Transit,24.3,52.6,Heavy,55,283,6,Weather,95.9,173,1,3,9,9,5,1,0,1,0.7071067811865476,-0.7071067811865475,1.0,6.123233995736766e-17,76.8582,8.4829,77.32491512863108,2.7298850574712645,302,5274.5,55,1278.18,1698,1,0,0
2024-08-28 07:23:00,Truck_8,-74.188,-176.0141,387,Delivered,28.1,64.7,Clear,51,340,10,Weather,61.1,243,0,8,28,7,2,0,0,0,0.9659258262890683,-0.25881904510252063,-0.8660254037844384,-0.5000000000000004,74.188,176.0141,191.01000691798848,1.5860655737704918,144,3116.1,0,1818.0700000000002,3400,0,0,1
2024-01-13 18:59:02,Truck_6,14.1533,164.1186,286,In Transit,25.0,68.4,Heavy,50,382,5,Weather,71.9,283,1,1,13,18,5,1,0,0,-1.0,-1.8369701987210297e-16,0.49999999999999994,0.8660254037844387,14.1533,164.1186,164.72774741023443,1.0070422535211268,3,3595.0000000000005,50,1710.0000000000002,1910,1,0,0
2024-12-21 10:48:36,Truck_7,3.9786,-135.2219,367,Delayed,27.0,55.1,Heavy,47,449,9,Mechanical Failure,99.7,109,1,12,21,10,5,1,0,1,0.49999999999999994,-0.8660254037844387,-2.4492935982947064e-16,1.0,3.9786,135.2219,135.28041801225336,3.3363636363636364,258,4685.900000000001,47,1487.7,4041,1,0,0
2024-12-28 17:40:09,Truck_4,-40.9216,27.5281,371,Delayed,27.4,50.9,Clear,40,463,8,Weather,90.7,144,1,12,28,17,5,1,0,1,-0.9659258262890683,-0.25881904510252063,-2.4492935982947064e-16,1.0,40.9216,27.5281,49.31910011516836,2.5586206896551724,227,3628.0,0,1394.6599999999999,3704,0,0,1
2024-08-18 05:51:47,Truck_7,-58.4321,-90.5118,315,Delivered,23.5,68.6,Heavy,20,372,1,,63.8,221,1,8,18,5,6,1,1,0,0.9659258262890683,0.25881904510252074,-0.8660254037844384,-0.5000000000000004,58.4321,90.5118,107.73437821628711,1.4189189189189189,94,1276.0,20,1612.1,372,1,0,0
2024-09-09 05:33:17,Truck_6,41.7679,-95.8135,262,In Transit,24.5,50.1,Heavy,20,387,2,Weather,95.0,145,1,9,9,5,0,0,1,0,0.9659258262890683,0.25881904510252074,-1.0,-1.8369701987210297e-16,41.7679,95.8135,104.52169273724954,1.7945205479452055,117,1900.0,20,1227.45,774,1,0,0
2024-10-01 09:21:06,Truck_7,61.9423,34.526,201,Delayed,23.9,57.8,Heavy,24,170,1,Mechanical Failure,90.8,104,1,10,1,9,1,0,0,1,0.7071067811865476,-0.7071067811865475,-0.8660254037844386,0.5000000000000001,61.9423,34.526,70.91468962979391,1.9142857142857144,97,2179.2,24,1381.4199999999998,170,1,0,0
2024-10-14 10:21:17,Truck_4,46.9729,-36.5198,420,Delayed,21.6,62.8,Clear,31,242,10,Weather,95.6,221,1,10,14,10,0,0,0,1,0.49999999999999994,-0.8660254037844387,-0.8660254037844386,0.5000000000000001,46.9729,36.5198,59.49915231707087,1.8918918918918919,199,2963.6,0,1356.48,2420,0,0,1
2024-06-13 00:29:04,Truck_1,44.2477,175.0702,143,Delivered,21.6,64.1,Detour,32,307,10,Traffic,64.0,168,0,6,13,0,3,0,1,0,0.0,1.0,1.2246467991473532e-16,-1.0,44.2477,175.0702,180.57528591512738,0.8461538461538461,-25,2048.0,32,1384.56,3070,0,1,0
2024-07-22 16:30:00,Truck_6,89.8701,73.6867,264,Delivered,26.9,70.0,Heavy,32,188,1,Weather,79.2,213,1,7,22,16,0,0,0,1,-0.8660254037844384,-0.5000000000000004,-0.4999999999999997,-0.8660254037844388,89.8701,73.6867,116.21688616935148,1.233644859813084,51,2534.4,32,1883.0,188,1,0,0
2024-04-30 04:58:58,Truck_5,-10.4792,-177.1239,479,Delivered,23.7,77.9,Detour,56,276,7,Weather,83.7,272,0,4,30,4,1,0,1,0,0.8660254037844386,0.5000000000000001,0.8660254037844387,-0.4999999999999998,10.4792,177.1239,177.43362021852002,1.7545787545787546,207,4687.2,56,1846.23,1932,0,1,0
2024-10-27 22:09:13,Truck_2,-71.0609,75.3714,347,In Transit,21.0,63.1,Detour,35,382,5,,74.8,275,0,10,27,22,6,1,0,0,-0.5000000000000004,0.8660254037844384,-0.8660254037844386,0.5000000000000001,71.0609,75.3714,103.58812406241364,1.2572463768115942,72,2618.0,35,1325.1000000000001,1910,0,1,0
2024-04-18 23:06:56,Truck_2,-76.791,18.3631,276,Delivered,18.0,64.3,Heavy,10,361,5,,88.6,242,1,4,18,23,3,0,0,0,-0.25881904510252157,0.9659258262890681,0.8660254037844387,-0.4999999999999998,76.791,18.3631,78.95607084075296,1.1358024691358024,34,886.0,10,1157.3999999999999,1805,1,0,0
2024-09-18 19:39:24,Truck_8,59.8356,-114.4198,157,Delayed,18.7,73.6,Clear,55,323,9,Mechanical Failure,81.3,141,1,9,18,19,2,0,0,0,-0.9659258262890684,0.2588190451025203,-1.0,-1.8369701987210297e-16,59.8356,114.4198,129.1208335606613,1.1056338028169015,16,4471.5,0,1376.32,2907,0,0,1
